
build/exercise-1.elf:     file format elf32-littleriscv


Disassembly of section .text:

20000000 <_start>:
20000000:	2001c137          	lui	sp,0x2001c
20000004:	088010ef          	jal	2000108c <_crt_init>
20000008:	00001297          	auipc	t0,0x1
2000000c:	9f028293          	addi	t0,t0,-1552 # 200009f8 <main>
20000010:	00000097          	auipc	ra,0x0
20000014:	01c08093          	addi	ra,ra,28 # 2000002c <exit>
20000018:	34129073          	csrw	mepc,t0
2000001c:	00004337          	lui	t1,0x4
20000020:	88030313          	addi	t1,t1,-1920 # 3880 <_start-0x1fffc780>
20000024:	30031073          	csrw	mstatus,t1
20000028:	30200073          	mret

2000002c <exit>:
2000002c:	2a8010ef          	jal	200012d4 <_crt_deinit>
20000030:	0000006f          	j	20000030 <exit+0x4>

20000034 <assignment1>:
} systick_t;

static systick_t * const systick = (systick_t *)0xE000F000;

void assignment1()
{
20000034:	ff010113          	addi	sp,sp,-16 # 2001bff0 <__stack_top+0x164d4>
20000038:	00112623          	sw	ra,12(sp)
2000003c:	00812423          	sw	s0,8(sp)
20000040:	01010413          	addi	s0,sp,16
    ///////////////////////////////////////////////////////////////////////////
    // Assignment 1: At minimum, this code should work
    ///////////////////////////////////////////////////////////////////////////
    systick->CTLR = 0b10100;   // Write nonsense values for checking
20000044:	e000f7b7          	lui	a5,0xe000f
20000048:	01400713          	li	a4,20
2000004c:	00e7a023          	sw	a4,0(a5) # e000f000 <__stack_top+0xc00094e4>
    systick->SR   = 0;    
20000050:	e000f7b7          	lui	a5,0xe000f
20000054:	0007a223          	sw	zero,4(a5) # e000f004 <__stack_top+0xc00094e8>
    systick->CNTL = 1;  
20000058:	e000f7b7          	lui	a5,0xe000f
2000005c:	00100713          	li	a4,1
20000060:	00e7a423          	sw	a4,8(a5) # e000f008 <__stack_top+0xc00094ec>
    systick->CNTH = 2; 
20000064:	e000f7b7          	lui	a5,0xe000f
20000068:	00200713          	li	a4,2
2000006c:	00e7a623          	sw	a4,12(a5) # e000f00c <__stack_top+0xc00094f0>
    systick->CMPL = 3; 
20000070:	e000f7b7          	lui	a5,0xe000f
20000074:	00300713          	li	a4,3
20000078:	00e7a823          	sw	a4,16(a5) # e000f010 <__stack_top+0xc00094f4>
    systick->CMPH = 4; 
2000007c:	e000f7b7          	lui	a5,0xe000f
20000080:	00400713          	li	a4,4
20000084:	00e7aa23          	sw	a4,20(a5) # e000f014 <__stack_top+0xc00094f8>
    ///////////////////////////////////////////////////////////////////////////
    // If you want to practice your bitfields, make this code work as well
    ///////////////////////////////////////////////////////////////////////////

    systick->ctlr.ste = 0;
20000088:	e000f7b7          	lui	a5,0xe000f
2000008c:	0007a703          	lw	a4,0(a5) # e000f000 <__stack_top+0xc00094e4>
20000090:	ffe77713          	andi	a4,a4,-2
20000094:	00e7a023          	sw	a4,0(a5)
    systick->ctlr.stie = 0;
20000098:	e000f7b7          	lui	a5,0xe000f
2000009c:	0007a703          	lw	a4,0(a5) # e000f000 <__stack_top+0xc00094e4>
200000a0:	ffd77713          	andi	a4,a4,-3
200000a4:	00e7a023          	sw	a4,0(a5)
    systick->ctlr.stclk = 1;
200000a8:	e000f7b7          	lui	a5,0xe000f
200000ac:	0007a703          	lw	a4,0(a5) # e000f000 <__stack_top+0xc00094e4>
200000b0:	00476713          	ori	a4,a4,4
200000b4:	00e7a023          	sw	a4,0(a5)
    systick->ctlr.stre = 0;
200000b8:	e000f7b7          	lui	a5,0xe000f
200000bc:	0007a703          	lw	a4,0(a5) # e000f000 <__stack_top+0xc00094e4>
200000c0:	ff777713          	andi	a4,a4,-9
200000c4:	00e7a023          	sw	a4,0(a5)
    systick->ctlr.mode = 1;
200000c8:	e000f7b7          	lui	a5,0xe000f
200000cc:	0007a703          	lw	a4,0(a5) # e000f000 <__stack_top+0xc00094e4>
200000d0:	01076713          	ori	a4,a4,16
200000d4:	00e7a023          	sw	a4,0(a5)
    systick->ctlr.init = 0;
200000d8:	e000f7b7          	lui	a5,0xe000f
200000dc:	0007a703          	lw	a4,0(a5) # e000f000 <__stack_top+0xc00094e4>
200000e0:	fdf77713          	andi	a4,a4,-33
200000e4:	00e7a023          	sw	a4,0(a5)
    systick->ctlr.swie = 0;
200000e8:	e000f7b7          	lui	a5,0xe000f
200000ec:	0007a683          	lw	a3,0(a5) # e000f000 <__stack_top+0xc00094e4>
200000f0:	80000737          	lui	a4,0x80000
200000f4:	fff70713          	addi	a4,a4,-1 # 7fffffff <__stack_top+0x5fffa4e3>
200000f8:	00e6f733          	and	a4,a3,a4
200000fc:	00e7a023          	sw	a4,0(a5)
    ///////////////////////////////////////////////////////////////////////////
    // If you want to be really snazzy, make this work as well.
    ///////////////////////////////////////////////////////////////////////////
    systick->CNT = 0x0000000200000001; // Set CNTL to 1, CNTH to 2.
20000100:	e000f6b7          	lui	a3,0xe000f
20000104:	00100713          	li	a4,1
20000108:	00200793          	li	a5,2
2000010c:	00e6a423          	sw	a4,8(a3) # e000f008 <__stack_top+0xc00094ec>
20000110:	00f6a623          	sw	a5,12(a3)
    systick->CMP = 0x0000000400000003; // Set CMPL to 3, CMPH to 4.
20000114:	e000f6b7          	lui	a3,0xe000f
20000118:	00300713          	li	a4,3
2000011c:	00400793          	li	a5,4
20000120:	00e6a823          	sw	a4,16(a3) # e000f010 <__stack_top+0xc00094f4>
20000124:	00f6aa23          	sw	a5,20(a3)
}
20000128:	00000013          	nop
2000012c:	00c12083          	lw	ra,12(sp)
20000130:	00812403          	lw	s0,8(sp)
20000134:	01010113          	addi	sp,sp,16
20000138:	00008067          	ret

2000013c <ms_to_ticks>:
//                 interrupts.
// 
//                 Do NOT start the timer yet. 
///////////////////////////////////////////////////////////////////////////////

long ms_to_ticks(int ms) {
2000013c:	fe010113          	addi	sp,sp,-32
20000140:	00112e23          	sw	ra,28(sp)
20000144:	00812c23          	sw	s0,24(sp)
20000148:	02010413          	addi	s0,sp,32
2000014c:	fea42623          	sw	a0,-20(s0)
    return 1440000 * ms;
20000150:	fec42703          	lw	a4,-20(s0)
20000154:	001607b7          	lui	a5,0x160
20000158:	90078793          	addi	a5,a5,-1792 # 15f900 <_start-0x1fea0700>
2000015c:	02f707b3          	mul	a5,a4,a5
}
20000160:	00078513          	mv	a0,a5
20000164:	01c12083          	lw	ra,28(sp)
20000168:	01812403          	lw	s0,24(sp)
2000016c:	02010113          	addi	sp,sp,32
20000170:	00008067          	ret

20000174 <InitSystick>:

void InitSystick()
{
20000174:	ff010113          	addi	sp,sp,-16
20000178:	00112623          	sw	ra,12(sp)
2000017c:	00812423          	sw	s0,8(sp)
20000180:	01212223          	sw	s2,4(sp)
20000184:	01312023          	sw	s3,0(sp)
20000188:	01010413          	addi	s0,sp,16
    //
    // Important! Do not forget to disable the timer by setting all of CTLR to 0
    //            before writing to the other registers. Otherwise, the 
    //            simulator gets confused. 

    systick->CTLR       = 0;    // Disable timer
2000018c:	e000f7b7          	lui	a5,0xe000f
20000190:	0007a023          	sw	zero,0(a5) # e000f000 <__stack_top+0xc00094e4>

    systick->CMP        = ms_to_ticks(100);  // Set ticks
20000194:	06400513          	li	a0,100
20000198:	fa5ff0ef          	jal	2000013c <ms_to_ticks>
2000019c:	00050713          	mv	a4,a0
200001a0:	e000f7b7          	lui	a5,0xe000f
200001a4:	00070913          	mv	s2,a4
200001a8:	41f75713          	srai	a4,a4,0x1f
200001ac:	00070993          	mv	s3,a4
200001b0:	0127a823          	sw	s2,16(a5) # e000f010 <__stack_top+0xc00094f4>
200001b4:	0137aa23          	sw	s3,20(a5)

    systick->ctlr.init  = 1;    // Tell timer to start from 0
200001b8:	e000f7b7          	lui	a5,0xe000f
200001bc:	0007a703          	lw	a4,0(a5) # e000f000 <__stack_top+0xc00094e4>
200001c0:	02076713          	ori	a4,a4,32
200001c4:	00e7a023          	sw	a4,0(a5)
    systick->ctlr.mode  = 1;    // 1: count down, 0: count up
200001c8:	e000f7b7          	lui	a5,0xe000f
200001cc:	0007a703          	lw	a4,0(a5) # e000f000 <__stack_top+0xc00094e4>
200001d0:	01076713          	ori	a4,a4,16
200001d4:	00e7a023          	sw	a4,0(a5)
    systick->ctlr.stre  = 1;    // Auto reload
200001d8:	e000f7b7          	lui	a5,0xe000f
200001dc:	0007a703          	lw	a4,0(a5) # e000f000 <__stack_top+0xc00094e4>
200001e0:	00876713          	ori	a4,a4,8
200001e4:	00e7a023          	sw	a4,0(a5)
    systick->ctlr.stclk = 1;    // Use full clock (not divided)
200001e8:	e000f7b7          	lui	a5,0xe000f
200001ec:	0007a703          	lw	a4,0(a5) # e000f000 <__stack_top+0xc00094e4>
200001f0:	00476713          	ori	a4,a4,4
200001f4:	00e7a023          	sw	a4,0(a5)
    systick->ctlr.stie  = 1;    // Enable interrupts
200001f8:	e000f7b7          	lui	a5,0xe000f
200001fc:	0007a703          	lw	a4,0(a5) # e000f000 <__stack_top+0xc00094e4>
20000200:	00276713          	ori	a4,a4,2
20000204:	00e7a023          	sw	a4,0(a5)
    systick->ctlr.ste   = 0;    // Keep timer OFF
20000208:	e000f7b7          	lui	a5,0xe000f
2000020c:	0007a703          	lw	a4,0(a5) # e000f000 <__stack_top+0xc00094e4>
20000210:	ffe77713          	andi	a4,a4,-2
20000214:	00e7a023          	sw	a4,0(a5)

    systick->SR         = 0;    // Clear status flag
20000218:	e000f7b7          	lui	a5,0xe000f
2000021c:	0007a223          	sw	zero,4(a5) # e000f004 <__stack_top+0xc00094e8>
}
20000220:	00000013          	nop
20000224:	00c12083          	lw	ra,12(sp)
20000228:	00812403          	lw	s0,8(sp)
2000022c:	00412903          	lw	s2,4(sp)
20000230:	00012983          	lw	s3,0(sp)
20000234:	01010113          	addi	sp,sp,16
20000238:	00008067          	ret

2000023c <StartSystick>:

void StartSystick() { systick->ctlr.ste = 1; }
2000023c:	ff010113          	addi	sp,sp,-16
20000240:	00112623          	sw	ra,12(sp)
20000244:	00812423          	sw	s0,8(sp)
20000248:	01010413          	addi	s0,sp,16
2000024c:	e000f7b7          	lui	a5,0xe000f
20000250:	0007a703          	lw	a4,0(a5) # e000f000 <__stack_top+0xc00094e4>
20000254:	00176713          	ori	a4,a4,1
20000258:	00e7a023          	sw	a4,0(a5)
2000025c:	00000013          	nop
20000260:	00c12083          	lw	ra,12(sp)
20000264:	00812403          	lw	s0,8(sp)
20000268:	01010113          	addi	sp,sp,16
2000026c:	00008067          	ret

20000270 <SysTick_Handler>:
__attribute__((interrupt("machine"))) // This attribute is required so the 
                                      // compiler knows it should save any 
                                      // registers it uses, and use "mret" to
                                      // return. 
void SysTick_Handler(void) 
{
20000270:	f5010113          	addi	sp,sp,-176
20000274:	0a112623          	sw	ra,172(sp)
20000278:	0a512423          	sw	t0,168(sp)
2000027c:	003022f3          	frcsr	t0
20000280:	0a512223          	sw	t0,164(sp)
20000284:	0a612023          	sw	t1,160(sp)
20000288:	08712e23          	sw	t2,156(sp)
2000028c:	08812c23          	sw	s0,152(sp)
20000290:	08a12a23          	sw	a0,148(sp)
20000294:	08b12823          	sw	a1,144(sp)
20000298:	08c12623          	sw	a2,140(sp)
2000029c:	08d12423          	sw	a3,136(sp)
200002a0:	08e12223          	sw	a4,132(sp)
200002a4:	08f12023          	sw	a5,128(sp)
200002a8:	07012e23          	sw	a6,124(sp)
200002ac:	07112c23          	sw	a7,120(sp)
200002b0:	07c12a23          	sw	t3,116(sp)
200002b4:	07d12823          	sw	t4,112(sp)
200002b8:	07e12623          	sw	t5,108(sp)
200002bc:	07f12423          	sw	t6,104(sp)
200002c0:	04012627          	fsw	ft0,76(sp)
200002c4:	04112427          	fsw	ft1,72(sp)
200002c8:	04212227          	fsw	ft2,68(sp)
200002cc:	04312027          	fsw	ft3,64(sp)
200002d0:	02412e27          	fsw	ft4,60(sp)
200002d4:	02512c27          	fsw	ft5,56(sp)
200002d8:	02612a27          	fsw	ft6,52(sp)
200002dc:	02712827          	fsw	ft7,48(sp)
200002e0:	02a12627          	fsw	fa0,44(sp)
200002e4:	02b12427          	fsw	fa1,40(sp)
200002e8:	02c12227          	fsw	fa2,36(sp)
200002ec:	02d12027          	fsw	fa3,32(sp)
200002f0:	00e12e27          	fsw	fa4,28(sp)
200002f4:	00f12c27          	fsw	fa5,24(sp)
200002f8:	01012a27          	fsw	fa6,20(sp)
200002fc:	01112827          	fsw	fa7,16(sp)
20000300:	01c12627          	fsw	ft8,12(sp)
20000304:	01d12427          	fsw	ft9,8(sp)
20000308:	01e12227          	fsw	ft10,4(sp)
2000030c:	01f12027          	fsw	ft11,0(sp)
20000310:	0b010413          	addi	s0,sp,176
    systick->SR = 0;
20000314:	e000f7b7          	lui	a5,0xe000f
20000318:	0007a223          	sw	zero,4(a5) # e000f004 <__stack_top+0xc00094e8>
    moles[rand() % 4] = 1;
2000031c:	305010ef          	jal	20001e20 <rand>
20000320:	00050713          	mv	a4,a0
20000324:	41f75793          	srai	a5,a4,0x1f
20000328:	01e7d793          	srli	a5,a5,0x1e
2000032c:	00f70733          	add	a4,a4,a5
20000330:	00377713          	andi	a4,a4,3
20000334:	40f707b3          	sub	a5,a4,a5
20000338:	00078693          	mv	a3,a5
2000033c:	200057b7          	lui	a5,0x20005
20000340:	d5c78713          	addi	a4,a5,-676 # 20004d5c <moles>
20000344:	00269793          	slli	a5,a3,0x2
20000348:	00f707b3          	add	a5,a4,a5
2000034c:	00100713          	li	a4,1
20000350:	00e7a023          	sw	a4,0(a5)
    ///////////////////////////////////////////////////////////////////////////
    // Assignment 4: You're done, really, but why not make the game more 
    //               challenging by decreasing the time between moles for every
    //               mole you whack? 
    ///////////////////////////////////////////////////////////////////////////
}
20000354:	00000013          	nop
20000358:	0ac12083          	lw	ra,172(sp)
2000035c:	0a412283          	lw	t0,164(sp)
20000360:	00329073          	fscsr	t0
20000364:	0a812283          	lw	t0,168(sp)
20000368:	0a012303          	lw	t1,160(sp)
2000036c:	09c12383          	lw	t2,156(sp)
20000370:	09812403          	lw	s0,152(sp)
20000374:	09412503          	lw	a0,148(sp)
20000378:	09012583          	lw	a1,144(sp)
2000037c:	08c12603          	lw	a2,140(sp)
20000380:	08812683          	lw	a3,136(sp)
20000384:	08412703          	lw	a4,132(sp)
20000388:	08012783          	lw	a5,128(sp)
2000038c:	07c12803          	lw	a6,124(sp)
20000390:	07812883          	lw	a7,120(sp)
20000394:	07412e03          	lw	t3,116(sp)
20000398:	07012e83          	lw	t4,112(sp)
2000039c:	06c12f03          	lw	t5,108(sp)
200003a0:	06812f83          	lw	t6,104(sp)
200003a4:	04c12007          	flw	ft0,76(sp)
200003a8:	04812087          	flw	ft1,72(sp)
200003ac:	04412107          	flw	ft2,68(sp)
200003b0:	04012187          	flw	ft3,64(sp)
200003b4:	03c12207          	flw	ft4,60(sp)
200003b8:	03812287          	flw	ft5,56(sp)
200003bc:	03412307          	flw	ft6,52(sp)
200003c0:	03012387          	flw	ft7,48(sp)
200003c4:	02c12507          	flw	fa0,44(sp)
200003c8:	02812587          	flw	fa1,40(sp)
200003cc:	02412607          	flw	fa2,36(sp)
200003d0:	02012687          	flw	fa3,32(sp)
200003d4:	01c12707          	flw	fa4,28(sp)
200003d8:	01812787          	flw	fa5,24(sp)
200003dc:	01412807          	flw	fa6,20(sp)
200003e0:	01012887          	flw	fa7,16(sp)
200003e4:	00c12e07          	flw	ft8,12(sp)
200003e8:	00812e87          	flw	ft9,8(sp)
200003ec:	00412f07          	flw	ft10,4(sp)
200003f0:	00012f87          	flw	ft11,0(sp)
200003f4:	0b010113          	addi	sp,sp,176
200003f8:	30200073          	mret

200003fc <InitInterrupts>:
///////////////////////////////////////////////////////////////////////////////
// Assignment 3: If your game works, implement InitInterrupts() in C and you
//               can get rid of the assembly file.
///////////////////////////////////////////////////////////////////////////////

void InitInterrupts() {
200003fc:	ff010113          	addi	sp,sp,-16
20000400:	00112623          	sw	ra,12(sp)
20000404:	00812423          	sw	s0,8(sp)
20000408:	01010413          	addi	s0,sp,16
    __asm volatile("csrw mtvec, %0" : : "r" (SysTick_Handler));
2000040c:	200007b7          	lui	a5,0x20000
20000410:	27078793          	addi	a5,a5,624 # 20000270 <SysTick_Handler>
20000414:	30579073          	csrw	mtvec,a5
    *((volatile uint32_t *)0xE000E100) = (1 << 12);
20000418:	e000e7b7          	lui	a5,0xe000e
2000041c:	10078793          	addi	a5,a5,256 # e000e100 <__stack_top+0xc00085e4>
20000420:	00001737          	lui	a4,0x1
20000424:	00e7a023          	sw	a4,0(a5)
}
20000428:	00000013          	nop
2000042c:	00c12083          	lw	ra,12(sp)
20000430:	00812403          	lw	s0,8(sp)
20000434:	01010113          	addi	sp,sp,16
20000438:	00008067          	ret

2000043c <whackamole>:

int whackamole()
{
2000043c:	fd010113          	addi	sp,sp,-48
20000440:	02112623          	sw	ra,44(sp)
20000444:	02812423          	sw	s0,40(sp)
20000448:	03010413          	addi	s0,sp,48
    ///////////////////////////////////////////////////////////////////////////
    // To be able to read the top row of buttons from the keypad, we configure
    // the lower four bits as input, pull-up, and the fifth bit as output, 
    // open-drain. Top row (pin 5) always active (0).
    ///////////////////////////////////////////////////////////////////////////
    *GPIOD_CFGLR = 0x68888;         // Pin 0-3, Pull Up; Pin 4, Open Drain
2000044c:	400117b7          	lui	a5,0x40011
20000450:	40078793          	addi	a5,a5,1024 # 40011400 <__stack_top+0x2000b8e4>
20000454:	00069737          	lui	a4,0x69
20000458:	88870713          	addi	a4,a4,-1912 # 68888 <_start-0x1ff97778>
2000045c:	00e7a023          	sw	a4,0(a5)
    *GPIOD_OUTDR = 0xF;             // Output Pin 5, Active (0), 
20000460:	400117b7          	lui	a5,0x40011
20000464:	40c78793          	addi	a5,a5,1036 # 4001140c <__stack_top+0x2000b8f0>
20000468:	00f00713          	li	a4,15
2000046c:	00e7a023          	sw	a4,0(a5)
                                    // Input Pins 0-3 Pull-Up (1)
    ///////////////////////////////////////////////////////////////////////////
    // To show the moles on the bargraph, configure PE[0:7] as output, 
    // push-pull.
    ///////////////////////////////////////////////////////////////////////////
    *GPIOE_CFGLR = 0x22222222;        // Pin 0-7, Push-Pull Output
20000470:	400127b7          	lui	a5,0x40012
20000474:	80078793          	addi	a5,a5,-2048 # 40011800 <__stack_top+0x2000bce4>
20000478:	22222737          	lui	a4,0x22222
2000047c:	22270713          	addi	a4,a4,546 # 22222222 <__stack_top+0x221c706>
20000480:	00e7a023          	sw	a4,0(a5)

    ///////////////////////////////////////////////////////////////////////////
    // This function should initialize interrupts. 
    // It needs to be implemented in the assembly file, "assignment.s".
    ///////////////////////////////////////////////////////////////////////////
    InitInterrupts();
20000484:	f79ff0ef          	jal	200003fc <InitInterrupts>
    check_assignment2_1(); 
20000488:	368000ef          	jal	200007f0 <check_assignment2_1>
    InitSystick(); 
2000048c:	ce9ff0ef          	jal	20000174 <InitSystick>
    check_assignment2_2();
20000490:	404000ef          	jal	20000894 <check_assignment2_2>

    ///////////////////////////////////////////////////////////////////////////
    // Assignment 2.3: Now start the timer. Put a breakpoint in SysTick_Handler
    //                 and make sure it is called. 
    ///////////////////////////////////////////////////////////////////////////
    StartSystick();
20000494:	da9ff0ef          	jal	2000023c <StartSystick>

    int game_over = 0;
20000498:	fe042623          	sw	zero,-20(s0)
    int score = 0; 
2000049c:	fe042423          	sw	zero,-24(s0)
    while(!game_over) {
200004a0:	1a00006f          	j	20000640 <whackamole+0x204>
        ///////////////////////////////////////////////////////////////////////
        // Read all four buttons
        ///////////////////////////////////////////////////////////////////////
        uint8_t buttons = *GPIOD_INDR & 0xF; // Read the state of the buttons
200004a4:	400117b7          	lui	a5,0x40011
200004a8:	40878793          	addi	a5,a5,1032 # 40011408 <__stack_top+0x2000b8ec>
200004ac:	0007a783          	lw	a5,0(a5)
200004b0:	0ff7f793          	zext.b	a5,a5
200004b4:	00f7f793          	andi	a5,a5,15
200004b8:	fcf40fa3          	sb	a5,-33(s0)
        for(int i = 0; i < 4; i++) {
200004bc:	fe042223          	sw	zero,-28(s0)
200004c0:	0880006f          	j	20000548 <whackamole+0x10c>
            ///////////////////////////////////////////////////////////////////
            // If any button is pressed, and there is a mole at that position,
            // kill the mole and increase score. 
            ///////////////////////////////////////////////////////////////////
            if((buttons & (1 << i)) == 0) { // If button is pressed
200004c4:	fdf44703          	lbu	a4,-33(s0)
200004c8:	fe442783          	lw	a5,-28(s0)
200004cc:	40f757b3          	sra	a5,a4,a5
200004d0:	0017f793          	andi	a5,a5,1
200004d4:	06079463          	bnez	a5,2000053c <whackamole+0x100>
                if(moles[i]) { // If there is a mole
200004d8:	200057b7          	lui	a5,0x20005
200004dc:	d5c78713          	addi	a4,a5,-676 # 20004d5c <moles>
200004e0:	fe442783          	lw	a5,-28(s0)
200004e4:	00279793          	slli	a5,a5,0x2
200004e8:	00f707b3          	add	a5,a4,a5
200004ec:	0007a783          	lw	a5,0(a5)
200004f0:	02078463          	beqz	a5,20000518 <whackamole+0xdc>
                    moles[i] = 0; // Kill the mole
200004f4:	200057b7          	lui	a5,0x20005
200004f8:	d5c78713          	addi	a4,a5,-676 # 20004d5c <moles>
200004fc:	fe442783          	lw	a5,-28(s0)
20000500:	00279793          	slli	a5,a5,0x2
20000504:	00f707b3          	add	a5,a4,a5
20000508:	0007a023          	sw	zero,0(a5)
                    score++;
2000050c:	fe842783          	lw	a5,-24(s0)
20000510:	00178793          	addi	a5,a5,1
20000514:	fef42423          	sw	a5,-24(s0)
                }
                // Wait until the button is released, to avoid multiple counts 
                // for one press.
                while(((*GPIOD_INDR) & (1 << i)) == 0);
20000518:	00000013          	nop
2000051c:	400117b7          	lui	a5,0x40011
20000520:	40878793          	addi	a5,a5,1032 # 40011408 <__stack_top+0x2000b8ec>
20000524:	0007a783          	lw	a5,0(a5)
20000528:	fe442703          	lw	a4,-28(s0)
2000052c:	00100693          	li	a3,1
20000530:	00e69733          	sll	a4,a3,a4
20000534:	00e7f7b3          	and	a5,a5,a4
20000538:	fe0782e3          	beqz	a5,2000051c <whackamole+0xe0>
        for(int i = 0; i < 4; i++) {
2000053c:	fe442783          	lw	a5,-28(s0)
20000540:	00178793          	addi	a5,a5,1
20000544:	fef42223          	sw	a5,-28(s0)
20000548:	fe442703          	lw	a4,-28(s0)
2000054c:	00300793          	li	a5,3
20000550:	f6e7dae3          	bge	a5,a4,200004c4 <whackamole+0x88>
            }
        }
        ///////////////////////////////////////////////////////////////////////
        // Show the moles on the bargraph (two bars per mole).
        ///////////////////////////////////////////////////////////////////////
        *GPIOE_OUTDR =  (moles[0] << 6) | (moles[0] << 7) |
20000554:	200057b7          	lui	a5,0x20005
20000558:	d5c78793          	addi	a5,a5,-676 # 20004d5c <moles>
2000055c:	0007a783          	lw	a5,0(a5)
20000560:	00679713          	slli	a4,a5,0x6
20000564:	200057b7          	lui	a5,0x20005
20000568:	d5c78793          	addi	a5,a5,-676 # 20004d5c <moles>
2000056c:	0007a783          	lw	a5,0(a5)
20000570:	00779793          	slli	a5,a5,0x7
20000574:	00f76733          	or	a4,a4,a5
                        (moles[1] << 4) | (moles[1] << 5) |
20000578:	200057b7          	lui	a5,0x20005
2000057c:	d5c78793          	addi	a5,a5,-676 # 20004d5c <moles>
20000580:	0047a783          	lw	a5,4(a5)
20000584:	00479793          	slli	a5,a5,0x4
        *GPIOE_OUTDR =  (moles[0] << 6) | (moles[0] << 7) |
20000588:	00f76733          	or	a4,a4,a5
                        (moles[1] << 4) | (moles[1] << 5) |
2000058c:	200057b7          	lui	a5,0x20005
20000590:	d5c78793          	addi	a5,a5,-676 # 20004d5c <moles>
20000594:	0047a783          	lw	a5,4(a5)
20000598:	00579793          	slli	a5,a5,0x5
2000059c:	00f76733          	or	a4,a4,a5
                        (moles[2] << 2) | (moles[2] << 3) |
200005a0:	200057b7          	lui	a5,0x20005
200005a4:	d5c78793          	addi	a5,a5,-676 # 20004d5c <moles>
200005a8:	0087a783          	lw	a5,8(a5)
200005ac:	00279793          	slli	a5,a5,0x2
                        (moles[1] << 4) | (moles[1] << 5) |
200005b0:	00f76733          	or	a4,a4,a5
                        (moles[2] << 2) | (moles[2] << 3) |
200005b4:	200057b7          	lui	a5,0x20005
200005b8:	d5c78793          	addi	a5,a5,-676 # 20004d5c <moles>
200005bc:	0087a783          	lw	a5,8(a5)
200005c0:	00379793          	slli	a5,a5,0x3
200005c4:	00f76733          	or	a4,a4,a5
                        (moles[3] << 0) | (moles[3] << 1);
200005c8:	200057b7          	lui	a5,0x20005
200005cc:	d5c78793          	addi	a5,a5,-676 # 20004d5c <moles>
200005d0:	00c7a783          	lw	a5,12(a5)
                        (moles[2] << 2) | (moles[2] << 3) |
200005d4:	00f76733          	or	a4,a4,a5
                        (moles[3] << 0) | (moles[3] << 1);
200005d8:	200057b7          	lui	a5,0x20005
200005dc:	d5c78793          	addi	a5,a5,-676 # 20004d5c <moles>
200005e0:	00c7a783          	lw	a5,12(a5)
200005e4:	00179793          	slli	a5,a5,0x1
200005e8:	00f76733          	or	a4,a4,a5
        *GPIOE_OUTDR =  (moles[0] << 6) | (moles[0] << 7) |
200005ec:	400127b7          	lui	a5,0x40012
200005f0:	80c78793          	addi	a5,a5,-2036 # 4001180c <__stack_top+0x2000bcf0>
200005f4:	00e7a023          	sw	a4,0(a5)
        ///////////////////////////////////////////////////////////////////////
        // If all moles are out, game over.
        ///////////////////////////////////////////////////////////////////////
        if(moles[0] & moles[1] & moles[2] & moles[3]) 
200005f8:	200057b7          	lui	a5,0x20005
200005fc:	d5c78793          	addi	a5,a5,-676 # 20004d5c <moles>
20000600:	0007a703          	lw	a4,0(a5)
20000604:	200057b7          	lui	a5,0x20005
20000608:	d5c78793          	addi	a5,a5,-676 # 20004d5c <moles>
2000060c:	0047a783          	lw	a5,4(a5)
20000610:	00f77733          	and	a4,a4,a5
20000614:	200057b7          	lui	a5,0x20005
20000618:	d5c78793          	addi	a5,a5,-676 # 20004d5c <moles>
2000061c:	0087a783          	lw	a5,8(a5)
20000620:	00f77733          	and	a4,a4,a5
20000624:	200057b7          	lui	a5,0x20005
20000628:	d5c78793          	addi	a5,a5,-676 # 20004d5c <moles>
2000062c:	00c7a783          	lw	a5,12(a5)
20000630:	00f777b3          	and	a5,a4,a5
20000634:	00078663          	beqz	a5,20000640 <whackamole+0x204>
            game_over = 1;
20000638:	00100793          	li	a5,1
2000063c:	fef42623          	sw	a5,-20(s0)
    while(!game_over) {
20000640:	fec42783          	lw	a5,-20(s0)
20000644:	e60780e3          	beqz	a5,200004a4 <whackamole+0x68>
    }
    printf("Game Over! Your score is %d\n", score);
20000648:	fe842583          	lw	a1,-24(s0)
2000064c:	200047b7          	lui	a5,0x20004
20000650:	7bc78513          	addi	a0,a5,1980 # 200047bc <_malloc_usable_size_r+0x1c>
20000654:	0ed010ef          	jal	20001f40 <iprintf>
    ///////////////////////////////////////////////////////////////////////////
    // Blink lights to indicate game over.
    ///////////////////////////////////////////////////////////////////////////
    *GPIOE_OUTDR = 0x0; 
20000658:	400127b7          	lui	a5,0x40012
2000065c:	80c78793          	addi	a5,a5,-2036 # 4001180c <__stack_top+0x2000bcf0>
20000660:	0007a023          	sw	zero,0(a5)
    while(1) {
        *GPIOE_OUTDR ^= 0xFF; 
20000664:	400127b7          	lui	a5,0x40012
20000668:	80c78793          	addi	a5,a5,-2036 # 4001180c <__stack_top+0x2000bcf0>
2000066c:	0007a703          	lw	a4,0(a5)
20000670:	400127b7          	lui	a5,0x40012
20000674:	80c78793          	addi	a5,a5,-2036 # 4001180c <__stack_top+0x2000bcf0>
20000678:	0ff74713          	xori	a4,a4,255
2000067c:	00e7a023          	sw	a4,0(a5)
        for(int i = 0; i < 1000; i++); // Delay
20000680:	fe042023          	sw	zero,-32(s0)
20000684:	0100006f          	j	20000694 <whackamole+0x258>
20000688:	fe042783          	lw	a5,-32(s0)
2000068c:	00178793          	addi	a5,a5,1
20000690:	fef42023          	sw	a5,-32(s0)
20000694:	fe042703          	lw	a4,-32(s0)
20000698:	3e700793          	li	a5,999
2000069c:	fee7d6e3          	bge	a5,a4,20000688 <whackamole+0x24c>
        *GPIOE_OUTDR ^= 0xFF; 
200006a0:	fc5ff06f          	j	20000664 <whackamole+0x228>

200006a4 <check_assignment1>:
        printf("\nFAILED: %s", n);      \
        assignment_passed = 0;          \
    } while(0);                

void check_assignment1()
{
200006a4:	fe010113          	addi	sp,sp,-32
200006a8:	00112e23          	sw	ra,28(sp)
200006ac:	00812c23          	sw	s0,24(sp)
200006b0:	02010413          	addi	s0,sp,32
    printf("Checking assignment 1.1...");
200006b4:	200047b7          	lui	a5,0x20004
200006b8:	7dc78513          	addi	a0,a5,2012 # 200047dc <_malloc_usable_size_r+0x3c>
200006bc:	085010ef          	jal	20001f40 <iprintf>
    int assignment_passed = 1; 
200006c0:	00100793          	li	a5,1
200006c4:	fef42623          	sw	a5,-20(s0)
    if(*((volatile uint32_t *)0xE000F000) != 0b10100) FAILED("STK_CTLR is not properly written.");
200006c8:	e000f7b7          	lui	a5,0xe000f
200006cc:	0007a703          	lw	a4,0(a5) # e000f000 <__stack_top+0xc00094e4>
200006d0:	01400793          	li	a5,20
200006d4:	00f70e63          	beq	a4,a5,200006f0 <check_assignment1+0x4c>
200006d8:	200047b7          	lui	a5,0x20004
200006dc:	7f878593          	addi	a1,a5,2040 # 200047f8 <_malloc_usable_size_r+0x58>
200006e0:	200057b7          	lui	a5,0x20005
200006e4:	81c78513          	addi	a0,a5,-2020 # 2000481c <_malloc_usable_size_r+0x7c>
200006e8:	059010ef          	jal	20001f40 <iprintf>
200006ec:	fe042623          	sw	zero,-20(s0)
    if(*((volatile uint32_t *)0xE000F004) != 0) FAILED("STK_SR is not properly written.");
200006f0:	e000f7b7          	lui	a5,0xe000f
200006f4:	00478793          	addi	a5,a5,4 # e000f004 <__stack_top+0xc00094e8>
200006f8:	0007a783          	lw	a5,0(a5)
200006fc:	00078e63          	beqz	a5,20000718 <check_assignment1+0x74>
20000700:	200057b7          	lui	a5,0x20005
20000704:	82878593          	addi	a1,a5,-2008 # 20004828 <_malloc_usable_size_r+0x88>
20000708:	200057b7          	lui	a5,0x20005
2000070c:	81c78513          	addi	a0,a5,-2020 # 2000481c <_malloc_usable_size_r+0x7c>
20000710:	031010ef          	jal	20001f40 <iprintf>
20000714:	fe042623          	sw	zero,-20(s0)
    if(*((volatile uint32_t *)0xE000F008) != 1) FAILED("STK_CNTL is not properly written.");
20000718:	e000f7b7          	lui	a5,0xe000f
2000071c:	00878793          	addi	a5,a5,8 # e000f008 <__stack_top+0xc00094ec>
20000720:	0007a703          	lw	a4,0(a5)
20000724:	00100793          	li	a5,1
20000728:	00f70e63          	beq	a4,a5,20000744 <check_assignment1+0xa0>
2000072c:	200057b7          	lui	a5,0x20005
20000730:	84878593          	addi	a1,a5,-1976 # 20004848 <_malloc_usable_size_r+0xa8>
20000734:	200057b7          	lui	a5,0x20005
20000738:	81c78513          	addi	a0,a5,-2020 # 2000481c <_malloc_usable_size_r+0x7c>
2000073c:	005010ef          	jal	20001f40 <iprintf>
20000740:	fe042623          	sw	zero,-20(s0)
    if(*((volatile uint32_t *)0xE000F00C) != 2) FAILED("STK_CNTH is not properly written.");
20000744:	e000f7b7          	lui	a5,0xe000f
20000748:	00c78793          	addi	a5,a5,12 # e000f00c <__stack_top+0xc00094f0>
2000074c:	0007a703          	lw	a4,0(a5)
20000750:	00200793          	li	a5,2
20000754:	00f70e63          	beq	a4,a5,20000770 <check_assignment1+0xcc>
20000758:	200057b7          	lui	a5,0x20005
2000075c:	86c78593          	addi	a1,a5,-1940 # 2000486c <_malloc_usable_size_r+0xcc>
20000760:	200057b7          	lui	a5,0x20005
20000764:	81c78513          	addi	a0,a5,-2020 # 2000481c <_malloc_usable_size_r+0x7c>
20000768:	7d8010ef          	jal	20001f40 <iprintf>
2000076c:	fe042623          	sw	zero,-20(s0)
    if(*((volatile uint32_t *)0xE000F010) != 3) FAILED("STK_CMPL is not properly written.");
20000770:	e000f7b7          	lui	a5,0xe000f
20000774:	01078793          	addi	a5,a5,16 # e000f010 <__stack_top+0xc00094f4>
20000778:	0007a703          	lw	a4,0(a5)
2000077c:	00300793          	li	a5,3
20000780:	00f70e63          	beq	a4,a5,2000079c <check_assignment1+0xf8>
20000784:	200057b7          	lui	a5,0x20005
20000788:	89078593          	addi	a1,a5,-1904 # 20004890 <_malloc_usable_size_r+0xf0>
2000078c:	200057b7          	lui	a5,0x20005
20000790:	81c78513          	addi	a0,a5,-2020 # 2000481c <_malloc_usable_size_r+0x7c>
20000794:	7ac010ef          	jal	20001f40 <iprintf>
20000798:	fe042623          	sw	zero,-20(s0)
    if(*((volatile uint32_t *)0xE000F014) != 4) FAILED("STK_CMPH is not properly written.");
2000079c:	e000f7b7          	lui	a5,0xe000f
200007a0:	01478793          	addi	a5,a5,20 # e000f014 <__stack_top+0xc00094f8>
200007a4:	0007a703          	lw	a4,0(a5)
200007a8:	00400793          	li	a5,4
200007ac:	00f70e63          	beq	a4,a5,200007c8 <check_assignment1+0x124>
200007b0:	200057b7          	lui	a5,0x20005
200007b4:	8b478593          	addi	a1,a5,-1868 # 200048b4 <_malloc_usable_size_r+0x114>
200007b8:	200057b7          	lui	a5,0x20005
200007bc:	81c78513          	addi	a0,a5,-2020 # 2000481c <_malloc_usable_size_r+0x7c>
200007c0:	780010ef          	jal	20001f40 <iprintf>
200007c4:	fe042623          	sw	zero,-20(s0)
    if(assignment_passed) printf("PASSED!\n");
200007c8:	fec42783          	lw	a5,-20(s0)
200007cc:	00078863          	beqz	a5,200007dc <check_assignment1+0x138>
200007d0:	200057b7          	lui	a5,0x20005
200007d4:	8d878513          	addi	a0,a5,-1832 # 200048d8 <_malloc_usable_size_r+0x138>
200007d8:	0c1010ef          	jal	20002098 <puts>
}
200007dc:	00000013          	nop
200007e0:	01c12083          	lw	ra,28(sp)
200007e4:	01812403          	lw	s0,24(sp)
200007e8:	02010113          	addi	sp,sp,32
200007ec:	00008067          	ret

200007f0 <check_assignment2_1>:

void check_assignment2_1()
{
200007f0:	fe010113          	addi	sp,sp,-32
200007f4:	00112e23          	sw	ra,28(sp)
200007f8:	00812c23          	sw	s0,24(sp)
200007fc:	02010413          	addi	s0,sp,32
    printf("Checking assignment 2.1...");
20000800:	200057b7          	lui	a5,0x20005
20000804:	8e078513          	addi	a0,a5,-1824 # 200048e0 <_malloc_usable_size_r+0x140>
20000808:	738010ef          	jal	20001f40 <iprintf>
    int assignment_passed = 1; 
2000080c:	00100793          	li	a5,1
20000810:	fef42623          	sw	a5,-20(s0)
    /* Note: IENR is write-to-set, and cannot be read. Reading ISR instead. */
    if(*((volatile uint32_t *)0xE000E000) != (1 << 12)) FAILED("Systick interrupt is not enabled in PFIC.");
20000814:	e000e7b7          	lui	a5,0xe000e
20000818:	0007a703          	lw	a4,0(a5) # e000e000 <__stack_top+0xc00084e4>
2000081c:	000017b7          	lui	a5,0x1
20000820:	00f70e63          	beq	a4,a5,2000083c <check_assignment2_1+0x4c>
20000824:	200057b7          	lui	a5,0x20005
20000828:	8fc78593          	addi	a1,a5,-1796 # 200048fc <_malloc_usable_size_r+0x15c>
2000082c:	200057b7          	lui	a5,0x20005
20000830:	81c78513          	addi	a0,a5,-2020 # 2000481c <_malloc_usable_size_r+0x7c>
20000834:	70c010ef          	jal	20001f40 <iprintf>
20000838:	fe042623          	sw	zero,-20(s0)
    uintptr_t value;
    __asm__ volatile ("csrr %0, mtvec" : "=r"(value));
2000083c:	305027f3          	csrr	a5,mtvec
20000840:	fef42423          	sw	a5,-24(s0)
    if(value != (uintptr_t)SysTick_Handler) FAILED("Systick_Handler is not properly set in mtvec.");
20000844:	200007b7          	lui	a5,0x20000
20000848:	27078793          	addi	a5,a5,624 # 20000270 <SysTick_Handler>
2000084c:	fe842703          	lw	a4,-24(s0)
20000850:	00f70e63          	beq	a4,a5,2000086c <check_assignment2_1+0x7c>
20000854:	200057b7          	lui	a5,0x20005
20000858:	92878593          	addi	a1,a5,-1752 # 20004928 <_malloc_usable_size_r+0x188>
2000085c:	200057b7          	lui	a5,0x20005
20000860:	81c78513          	addi	a0,a5,-2020 # 2000481c <_malloc_usable_size_r+0x7c>
20000864:	6dc010ef          	jal	20001f40 <iprintf>
20000868:	fe042623          	sw	zero,-20(s0)
    if(assignment_passed) printf("PASSED!\n");
2000086c:	fec42783          	lw	a5,-20(s0)
20000870:	00078863          	beqz	a5,20000880 <check_assignment2_1+0x90>
20000874:	200057b7          	lui	a5,0x20005
20000878:	8d878513          	addi	a0,a5,-1832 # 200048d8 <_malloc_usable_size_r+0x138>
2000087c:	01d010ef          	jal	20002098 <puts>
}
20000880:	00000013          	nop
20000884:	01c12083          	lw	ra,28(sp)
20000888:	01812403          	lw	s0,24(sp)
2000088c:	02010113          	addi	sp,sp,32
20000890:	00008067          	ret

20000894 <check_assignment2_2>:

void check_assignment2_2()
{
20000894:	fe010113          	addi	sp,sp,-32
20000898:	00112e23          	sw	ra,28(sp)
2000089c:	00812c23          	sw	s0,24(sp)
200008a0:	02010413          	addi	s0,sp,32
    printf("Checking assignment 2.3...");
200008a4:	200057b7          	lui	a5,0x20005
200008a8:	95878513          	addi	a0,a5,-1704 # 20004958 <_malloc_usable_size_r+0x1b8>
200008ac:	694010ef          	jal	20001f40 <iprintf>
    int assignment_passed = 1; 
200008b0:	00100793          	li	a5,1
200008b4:	fef42623          	sw	a5,-20(s0)
    if((*((volatile uint32_t *)0xE000F000) & 0b100000) == 0) FAILED("INIT is not set, so the timer might not start on 0.");
200008b8:	e000f7b7          	lui	a5,0xe000f
200008bc:	0007a783          	lw	a5,0(a5) # e000f000 <__stack_top+0xc00094e4>
200008c0:	0207f793          	andi	a5,a5,32
200008c4:	00079e63          	bnez	a5,200008e0 <check_assignment2_2+0x4c>
200008c8:	200057b7          	lui	a5,0x20005
200008cc:	97478593          	addi	a1,a5,-1676 # 20004974 <_malloc_usable_size_r+0x1d4>
200008d0:	200057b7          	lui	a5,0x20005
200008d4:	81c78513          	addi	a0,a5,-2020 # 2000481c <_malloc_usable_size_r+0x7c>
200008d8:	668010ef          	jal	20001f40 <iprintf>
200008dc:	fe042623          	sw	zero,-20(s0)
    // Does not matter if they count up or down. 
    //if((*((volatile uint32_t *)0xE000F000) & 0b010000) == 0) FAILED("MODE is not set, so the timer will count DOWN, not UP.");
    if((*((volatile uint32_t *)0xE000F000) & 0b001000) == 0) FAILED("STRE is not set, so the timer will not reload.");
200008e0:	e000f7b7          	lui	a5,0xe000f
200008e4:	0007a783          	lw	a5,0(a5) # e000f000 <__stack_top+0xc00094e4>
200008e8:	0087f793          	andi	a5,a5,8
200008ec:	00079e63          	bnez	a5,20000908 <check_assignment2_2+0x74>
200008f0:	200057b7          	lui	a5,0x20005
200008f4:	9a878593          	addi	a1,a5,-1624 # 200049a8 <_malloc_usable_size_r+0x208>
200008f8:	200057b7          	lui	a5,0x20005
200008fc:	81c78513          	addi	a0,a5,-2020 # 2000481c <_malloc_usable_size_r+0x7c>
20000900:	640010ef          	jal	20001f40 <iprintf>
20000904:	fe042623          	sw	zero,-20(s0)
    if((*((volatile uint32_t *)0xE000F000) & 0b000100) == 0) FAILED("STCLK is not set, so the timer will use 148/8Mhz.");
20000908:	e000f7b7          	lui	a5,0xe000f
2000090c:	0007a783          	lw	a5,0(a5) # e000f000 <__stack_top+0xc00094e4>
20000910:	0047f793          	andi	a5,a5,4
20000914:	00079e63          	bnez	a5,20000930 <check_assignment2_2+0x9c>
20000918:	200057b7          	lui	a5,0x20005
2000091c:	9d878593          	addi	a1,a5,-1576 # 200049d8 <_malloc_usable_size_r+0x238>
20000920:	200057b7          	lui	a5,0x20005
20000924:	81c78513          	addi	a0,a5,-2020 # 2000481c <_malloc_usable_size_r+0x7c>
20000928:	618010ef          	jal	20001f40 <iprintf>
2000092c:	fe042623          	sw	zero,-20(s0)
    if((*((volatile uint32_t *)0xE000F000) & 0b000010) == 0) FAILED("STIE is not set, so interrupts will not be generated.");
20000930:	e000f7b7          	lui	a5,0xe000f
20000934:	0007a783          	lw	a5,0(a5) # e000f000 <__stack_top+0xc00094e4>
20000938:	0027f793          	andi	a5,a5,2
2000093c:	00079e63          	bnez	a5,20000958 <check_assignment2_2+0xc4>
20000940:	200057b7          	lui	a5,0x20005
20000944:	a0c78593          	addi	a1,a5,-1524 # 20004a0c <_malloc_usable_size_r+0x26c>
20000948:	200057b7          	lui	a5,0x20005
2000094c:	81c78513          	addi	a0,a5,-2020 # 2000481c <_malloc_usable_size_r+0x7c>
20000950:	5f0010ef          	jal	20001f40 <iprintf>
20000954:	fe042623          	sw	zero,-20(s0)
    if((*((volatile uint32_t *)0xE000F000) & 0b000001) != 0) FAILED("STE is set, so the timer is already running!.");
20000958:	e000f7b7          	lui	a5,0xe000f
2000095c:	0007a783          	lw	a5,0(a5) # e000f000 <__stack_top+0xc00094e4>
20000960:	0017f793          	andi	a5,a5,1
20000964:	00078e63          	beqz	a5,20000980 <check_assignment2_2+0xec>
20000968:	200057b7          	lui	a5,0x20005
2000096c:	a4478593          	addi	a1,a5,-1468 # 20004a44 <_malloc_usable_size_r+0x2a4>
20000970:	200057b7          	lui	a5,0x20005
20000974:	81c78513          	addi	a0,a5,-2020 # 2000481c <_malloc_usable_size_r+0x7c>
20000978:	5c8010ef          	jal	20001f40 <iprintf>
2000097c:	fe042623          	sw	zero,-20(s0)
    if(*((volatile uint32_t *)0xE000F004) != 0) FAILED("STK_SR is not 0, so you won't get an interrupt.");
20000980:	e000f7b7          	lui	a5,0xe000f
20000984:	00478793          	addi	a5,a5,4 # e000f004 <__stack_top+0xc00094e8>
20000988:	0007a783          	lw	a5,0(a5)
2000098c:	00078e63          	beqz	a5,200009a8 <check_assignment2_2+0x114>
20000990:	200057b7          	lui	a5,0x20005
20000994:	a7478593          	addi	a1,a5,-1420 # 20004a74 <_malloc_usable_size_r+0x2d4>
20000998:	200057b7          	lui	a5,0x20005
2000099c:	81c78513          	addi	a0,a5,-2020 # 2000481c <_malloc_usable_size_r+0x7c>
200009a0:	5a0010ef          	jal	20001f40 <iprintf>
200009a4:	fe042623          	sw	zero,-20(s0)
    // STK_CMPL is not readable on the simulator right now, so cannot check. 
    // if(*((volatile uint32_t *)0xE000F010) != 144000*10) FAILED("STK_CMPL is not set to 10ms.");
    if(*((volatile uint32_t *)0xE000F014) != 0) FAILED("STK_CMPH should be initialized to 0.");
200009a8:	e000f7b7          	lui	a5,0xe000f
200009ac:	01478793          	addi	a5,a5,20 # e000f014 <__stack_top+0xc00094f8>
200009b0:	0007a783          	lw	a5,0(a5)
200009b4:	00078e63          	beqz	a5,200009d0 <check_assignment2_2+0x13c>
200009b8:	200057b7          	lui	a5,0x20005
200009bc:	aa478593          	addi	a1,a5,-1372 # 20004aa4 <_malloc_usable_size_r+0x304>
200009c0:	200057b7          	lui	a5,0x20005
200009c4:	81c78513          	addi	a0,a5,-2020 # 2000481c <_malloc_usable_size_r+0x7c>
200009c8:	578010ef          	jal	20001f40 <iprintf>
200009cc:	fe042623          	sw	zero,-20(s0)
    if(assignment_passed) printf("PASSED!\n");
200009d0:	fec42783          	lw	a5,-20(s0)
200009d4:	00078863          	beqz	a5,200009e4 <check_assignment2_2+0x150>
200009d8:	200057b7          	lui	a5,0x20005
200009dc:	8d878513          	addi	a0,a5,-1832 # 200048d8 <_malloc_usable_size_r+0x138>
200009e0:	6b8010ef          	jal	20002098 <puts>
}
200009e4:	00000013          	nop
200009e8:	01c12083          	lw	ra,28(sp)
200009ec:	01812403          	lw	s0,24(sp)
200009f0:	02010113          	addi	sp,sp,32
200009f4:	00008067          	ret

200009f8 <main>:

int main(void)
{
200009f8:	ff010113          	addi	sp,sp,-16
200009fc:	00112623          	sw	ra,12(sp)
20000a00:	00812423          	sw	s0,8(sp)
20000a04:	01010413          	addi	s0,sp,16
    assignment1(); 
20000a08:	e2cff0ef          	jal	20000034 <assignment1>
    check_assignment1(); 
20000a0c:	c99ff0ef          	jal	200006a4 <check_assignment1>
    whackamole(); 
20000a10:	a2dff0ef          	jal	2000043c <whackamole>
20000a14:	00000793          	li	a5,0
}
20000a18:	00078513          	mv	a0,a5
20000a1c:	00c12083          	lw	ra,12(sp)
20000a20:	00812403          	lw	s0,8(sp)
20000a24:	01010113          	addi	sp,sp,16
20000a28:	00008067          	ret

20000a2c <_pll_init_144>:
20000a2c:	fe010113          	addi	sp,sp,-32
20000a30:	00112e23          	sw	ra,28(sp)
20000a34:	00812c23          	sw	s0,24(sp)
20000a38:	02010413          	addi	s0,sp,32
20000a3c:	fe042623          	sw	zero,-20(s0)
20000a40:	fe042423          	sw	zero,-24(s0)
20000a44:	400217b7          	lui	a5,0x40021
20000a48:	0007a703          	lw	a4,0(a5) # 40021000 <__stack_top+0x2001b4e4>
20000a4c:	400217b7          	lui	a5,0x40021
20000a50:	00176713          	ori	a4,a4,1
20000a54:	00e7a023          	sw	a4,0(a5) # 40021000 <__stack_top+0x2001b4e4>
20000a58:	400217b7          	lui	a5,0x40021
20000a5c:	00478793          	addi	a5,a5,4 # 40021004 <__stack_top+0x2001b4e8>
20000a60:	0007a683          	lw	a3,0(a5)
20000a64:	400217b7          	lui	a5,0x40021
20000a68:	00478793          	addi	a5,a5,4 # 40021004 <__stack_top+0x2001b4e8>
20000a6c:	f8ff0737          	lui	a4,0xf8ff0
20000a70:	00e6f733          	and	a4,a3,a4
20000a74:	00e7a023          	sw	a4,0(a5)
20000a78:	400217b7          	lui	a5,0x40021
20000a7c:	0007a683          	lw	a3,0(a5) # 40021000 <__stack_top+0x2001b4e4>
20000a80:	400217b7          	lui	a5,0x40021
20000a84:	fef70737          	lui	a4,0xfef70
20000a88:	fff70713          	addi	a4,a4,-1 # fef6ffff <__stack_top+0xdef6a4e3>
20000a8c:	00e6f733          	and	a4,a3,a4
20000a90:	00e7a023          	sw	a4,0(a5) # 40021000 <__stack_top+0x2001b4e4>
20000a94:	400217b7          	lui	a5,0x40021
20000a98:	0007a683          	lw	a3,0(a5) # 40021000 <__stack_top+0x2001b4e4>
20000a9c:	400217b7          	lui	a5,0x40021
20000aa0:	fffc0737          	lui	a4,0xfffc0
20000aa4:	fff70713          	addi	a4,a4,-1 # fffbffff <__stack_top+0xdffba4e3>
20000aa8:	00e6f733          	and	a4,a3,a4
20000aac:	00e7a023          	sw	a4,0(a5) # 40021000 <__stack_top+0x2001b4e4>
20000ab0:	400217b7          	lui	a5,0x40021
20000ab4:	00478793          	addi	a5,a5,4 # 40021004 <__stack_top+0x2001b4e8>
20000ab8:	0007a683          	lw	a3,0(a5)
20000abc:	400217b7          	lui	a5,0x40021
20000ac0:	00478793          	addi	a5,a5,4 # 40021004 <__stack_top+0x2001b4e8>
20000ac4:	ff810737          	lui	a4,0xff810
20000ac8:	fff70713          	addi	a4,a4,-1 # ff80ffff <__stack_top+0xdf80a4e3>
20000acc:	00e6f733          	and	a4,a3,a4
20000ad0:	00e7a023          	sw	a4,0(a5)
20000ad4:	400217b7          	lui	a5,0x40021
20000ad8:	0007a683          	lw	a3,0(a5) # 40021000 <__stack_top+0x2001b4e4>
20000adc:	400217b7          	lui	a5,0x40021
20000ae0:	ec000737          	lui	a4,0xec000
20000ae4:	fff70713          	addi	a4,a4,-1 # ebffffff <__stack_top+0xcbffa4e3>
20000ae8:	00e6f733          	and	a4,a3,a4
20000aec:	00e7a023          	sw	a4,0(a5) # 40021000 <__stack_top+0x2001b4e4>
20000af0:	400217b7          	lui	a5,0x40021
20000af4:	00878793          	addi	a5,a5,8 # 40021008 <__stack_top+0x2001b4ec>
20000af8:	00ff0737          	lui	a4,0xff0
20000afc:	00e7a023          	sw	a4,0(a5)
20000b00:	400217b7          	lui	a5,0x40021
20000b04:	02c78793          	addi	a5,a5,44 # 4002102c <__stack_top+0x2001b510>
20000b08:	0007a023          	sw	zero,0(a5)
20000b0c:	400217b7          	lui	a5,0x40021
20000b10:	0007a683          	lw	a3,0(a5) # 40021000 <__stack_top+0x2001b4e4>
20000b14:	400217b7          	lui	a5,0x40021
20000b18:	00010737          	lui	a4,0x10
20000b1c:	00e6e733          	or	a4,a3,a4
20000b20:	00e7a023          	sw	a4,0(a5) # 40021000 <__stack_top+0x2001b4e4>
20000b24:	400217b7          	lui	a5,0x40021
20000b28:	0007a703          	lw	a4,0(a5) # 40021000 <__stack_top+0x2001b4e4>
20000b2c:	000207b7          	lui	a5,0x20
20000b30:	00f777b3          	and	a5,a4,a5
20000b34:	fef42423          	sw	a5,-24(s0)
20000b38:	fec42783          	lw	a5,-20(s0)
20000b3c:	00178793          	addi	a5,a5,1 # 20001 <_start-0x1ffdffff>
20000b40:	fef42623          	sw	a5,-20(s0)
20000b44:	fe842783          	lw	a5,-24(s0)
20000b48:	00079863          	bnez	a5,20000b58 <_pll_init_144+0x12c>
20000b4c:	fec42703          	lw	a4,-20(s0)
20000b50:	1f400793          	li	a5,500
20000b54:	fcf718e3          	bne	a4,a5,20000b24 <_pll_init_144+0xf8>
20000b58:	400217b7          	lui	a5,0x40021
20000b5c:	0007a703          	lw	a4,0(a5) # 40021000 <__stack_top+0x2001b4e4>
20000b60:	000207b7          	lui	a5,0x20
20000b64:	00f777b3          	and	a5,a4,a5
20000b68:	00079663          	bnez	a5,20000b74 <_pll_init_144+0x148>
20000b6c:	00100793          	li	a5,1
20000b70:	11c0006f          	j	20000c8c <_pll_init_144+0x260>
20000b74:	400217b7          	lui	a5,0x40021
20000b78:	00478713          	addi	a4,a5,4 # 40021004 <__stack_top+0x2001b4e8>
20000b7c:	400217b7          	lui	a5,0x40021
20000b80:	00478793          	addi	a5,a5,4 # 40021004 <__stack_top+0x2001b4e8>
20000b84:	00072703          	lw	a4,0(a4) # 10000 <_start-0x1fff0000>
20000b88:	00e7a023          	sw	a4,0(a5)
20000b8c:	400217b7          	lui	a5,0x40021
20000b90:	00478713          	addi	a4,a5,4 # 40021004 <__stack_top+0x2001b4e8>
20000b94:	400217b7          	lui	a5,0x40021
20000b98:	00478793          	addi	a5,a5,4 # 40021004 <__stack_top+0x2001b4e8>
20000b9c:	00072703          	lw	a4,0(a4)
20000ba0:	00e7a023          	sw	a4,0(a5)
20000ba4:	400217b7          	lui	a5,0x40021
20000ba8:	02c78793          	addi	a5,a5,44 # 4002102c <__stack_top+0x2001b510>
20000bac:	0007a703          	lw	a4,0(a5)
20000bb0:	400217b7          	lui	a5,0x40021
20000bb4:	02c78793          	addi	a5,a5,44 # 4002102c <__stack_top+0x2001b510>
20000bb8:	40076713          	ori	a4,a4,1024
20000bbc:	00e7a023          	sw	a4,0(a5)
20000bc0:	400217b7          	lui	a5,0x40021
20000bc4:	00478793          	addi	a5,a5,4 # 40021004 <__stack_top+0x2001b4e8>
20000bc8:	0007a683          	lw	a3,0(a5)
20000bcc:	400217b7          	lui	a5,0x40021
20000bd0:	00478793          	addi	a5,a5,4 # 40021004 <__stack_top+0x2001b4e8>
20000bd4:	ffc10737          	lui	a4,0xffc10
20000bd8:	fff70713          	addi	a4,a4,-1 # ffc0ffff <__stack_top+0xdfc0a4e3>
20000bdc:	00e6f733          	and	a4,a3,a4
20000be0:	00e7a023          	sw	a4,0(a5)
20000be4:	400217b7          	lui	a5,0x40021
20000be8:	00478793          	addi	a5,a5,4 # 40021004 <__stack_top+0x2001b4e8>
20000bec:	0007a683          	lw	a3,0(a5)
20000bf0:	400217b7          	lui	a5,0x40021
20000bf4:	00478793          	addi	a5,a5,4 # 40021004 <__stack_top+0x2001b4e8>
20000bf8:	00010737          	lui	a4,0x10
20000bfc:	00e6e733          	or	a4,a3,a4
20000c00:	00e7a023          	sw	a4,0(a5)
20000c04:	400217b7          	lui	a5,0x40021
20000c08:	0007a683          	lw	a3,0(a5) # 40021000 <__stack_top+0x2001b4e4>
20000c0c:	400217b7          	lui	a5,0x40021
20000c10:	01000737          	lui	a4,0x1000
20000c14:	00e6e733          	or	a4,a3,a4
20000c18:	00e7a023          	sw	a4,0(a5) # 40021000 <__stack_top+0x2001b4e4>
20000c1c:	00000013          	nop
20000c20:	400217b7          	lui	a5,0x40021
20000c24:	0007a703          	lw	a4,0(a5) # 40021000 <__stack_top+0x2001b4e4>
20000c28:	020007b7          	lui	a5,0x2000
20000c2c:	00f777b3          	and	a5,a4,a5
20000c30:	fe0788e3          	beqz	a5,20000c20 <_pll_init_144+0x1f4>
20000c34:	400217b7          	lui	a5,0x40021
20000c38:	00478793          	addi	a5,a5,4 # 40021004 <__stack_top+0x2001b4e8>
20000c3c:	0007a703          	lw	a4,0(a5)
20000c40:	400217b7          	lui	a5,0x40021
20000c44:	00478793          	addi	a5,a5,4 # 40021004 <__stack_top+0x2001b4e8>
20000c48:	ffc77713          	andi	a4,a4,-4
20000c4c:	00e7a023          	sw	a4,0(a5)
20000c50:	400217b7          	lui	a5,0x40021
20000c54:	00478793          	addi	a5,a5,4 # 40021004 <__stack_top+0x2001b4e8>
20000c58:	0007a703          	lw	a4,0(a5)
20000c5c:	400217b7          	lui	a5,0x40021
20000c60:	00478793          	addi	a5,a5,4 # 40021004 <__stack_top+0x2001b4e8>
20000c64:	00276713          	ori	a4,a4,2
20000c68:	00e7a023          	sw	a4,0(a5)
20000c6c:	00000013          	nop
20000c70:	400217b7          	lui	a5,0x40021
20000c74:	00478793          	addi	a5,a5,4 # 40021004 <__stack_top+0x2001b4e8>
20000c78:	0007a783          	lw	a5,0(a5)
20000c7c:	00c7f713          	andi	a4,a5,12
20000c80:	00800793          	li	a5,8
20000c84:	fef716e3          	bne	a4,a5,20000c70 <_pll_init_144+0x244>
20000c88:	00000793          	li	a5,0
20000c8c:	00078513          	mv	a0,a5
20000c90:	01c12083          	lw	ra,28(sp)
20000c94:	01812403          	lw	s0,24(sp)
20000c98:	02010113          	addi	sp,sp,32
20000c9c:	00008067          	ret

20000ca0 <crt_timer_interrupt>:
20000ca0:	fd010113          	addi	sp,sp,-48
20000ca4:	02112623          	sw	ra,44(sp)
20000ca8:	02512423          	sw	t0,40(sp)
20000cac:	02812223          	sw	s0,36(sp)
20000cb0:	02a12023          	sw	a0,32(sp)
20000cb4:	00b12e23          	sw	a1,28(sp)
20000cb8:	00c12c23          	sw	a2,24(sp)
20000cbc:	00d12a23          	sw	a3,20(sp)
20000cc0:	00e12823          	sw	a4,16(sp)
20000cc4:	00f12623          	sw	a5,12(sp)
20000cc8:	01012423          	sw	a6,8(sp)
20000ccc:	03010413          	addi	s0,sp,48
20000cd0:	400017b7          	lui	a5,0x40001
20000cd4:	0107d783          	lhu	a5,16(a5) # 40001010 <__stack_top+0x1fffb4f4>
20000cd8:	01079713          	slli	a4,a5,0x10
20000cdc:	01075713          	srli	a4,a4,0x10
20000ce0:	400017b7          	lui	a5,0x40001
20000ce4:	ffe77713          	andi	a4,a4,-2
20000ce8:	01071713          	slli	a4,a4,0x10
20000cec:	01075713          	srli	a4,a4,0x10
20000cf0:	00e79823          	sh	a4,16(a5) # 40001010 <__stack_top+0x1fffb4f4>
20000cf4:	200057b7          	lui	a5,0x20005
20000cf8:	dc87a703          	lw	a4,-568(a5) # 20004dc8 <current_time>
20000cfc:	dcc7a783          	lw	a5,-564(a5)
20000d00:	00100513          	li	a0,1
20000d04:	00000593          	li	a1,0
20000d08:	00a70633          	add	a2,a4,a0
20000d0c:	00060813          	mv	a6,a2
20000d10:	00e83833          	sltu	a6,a6,a4
20000d14:	00b786b3          	add	a3,a5,a1
20000d18:	00d807b3          	add	a5,a6,a3
20000d1c:	00078693          	mv	a3,a5
20000d20:	00060713          	mv	a4,a2
20000d24:	00068793          	mv	a5,a3
20000d28:	200056b7          	lui	a3,0x20005
20000d2c:	dce6a423          	sw	a4,-568(a3) # 20004dc8 <current_time>
20000d30:	dcf6a623          	sw	a5,-564(a3)
20000d34:	00000013          	nop
20000d38:	02c12083          	lw	ra,44(sp)
20000d3c:	02812283          	lw	t0,40(sp)
20000d40:	02412403          	lw	s0,36(sp)
20000d44:	02012503          	lw	a0,32(sp)
20000d48:	01c12583          	lw	a1,28(sp)
20000d4c:	01812603          	lw	a2,24(sp)
20000d50:	01412683          	lw	a3,20(sp)
20000d54:	01012703          	lw	a4,16(sp)
20000d58:	00c12783          	lw	a5,12(sp)
20000d5c:	00812803          	lw	a6,8(sp)
20000d60:	03010113          	addi	sp,sp,48
20000d64:	30200073          	mret

20000d68 <_times>:
20000d68:	fe010113          	addi	sp,sp,-32
20000d6c:	00112e23          	sw	ra,28(sp)
20000d70:	00812c23          	sw	s0,24(sp)
20000d74:	02010413          	addi	s0,sp,32
20000d78:	fea42623          	sw	a0,-20(s0)
20000d7c:	200057b7          	lui	a5,0x20005
20000d80:	dc87a703          	lw	a4,-568(a5) # 20004dc8 <current_time>
20000d84:	dcc7a783          	lw	a5,-564(a5)
20000d88:	fec42783          	lw	a5,-20(s0)
20000d8c:	00e7a223          	sw	a4,4(a5)
20000d90:	fec42783          	lw	a5,-20(s0)
20000d94:	0047a703          	lw	a4,4(a5)
20000d98:	fec42783          	lw	a5,-20(s0)
20000d9c:	00e7a023          	sw	a4,0(a5)
20000da0:	200057b7          	lui	a5,0x20005
20000da4:	dc87a703          	lw	a4,-568(a5) # 20004dc8 <current_time>
20000da8:	dcc7a783          	lw	a5,-564(a5)
20000dac:	00070793          	mv	a5,a4
20000db0:	00078513          	mv	a0,a5
20000db4:	01c12083          	lw	ra,28(sp)
20000db8:	01812403          	lw	s0,24(sp)
20000dbc:	02010113          	addi	sp,sp,32
20000dc0:	00008067          	ret

20000dc4 <_gettimeofday>:
20000dc4:	fd010113          	addi	sp,sp,-48
20000dc8:	02112623          	sw	ra,44(sp)
20000dcc:	02812423          	sw	s0,40(sp)
20000dd0:	03010413          	addi	s0,sp,48
20000dd4:	fca42e23          	sw	a0,-36(s0)
20000dd8:	fcb42c23          	sw	a1,-40(s0)
20000ddc:	200057b7          	lui	a5,0x20005
20000de0:	dc87a703          	lw	a4,-568(a5) # 20004dc8 <current_time>
20000de4:	dcc7a783          	lw	a5,-564(a5)
20000de8:	fee42423          	sw	a4,-24(s0)
20000dec:	fef42623          	sw	a5,-20(s0)
20000df0:	fe842703          	lw	a4,-24(s0)
20000df4:	fec42783          	lw	a5,-20(s0)
20000df8:	06400613          	li	a2,100
20000dfc:	00000693          	li	a3,0
20000e00:	00070513          	mv	a0,a4
20000e04:	00078593          	mv	a1,a5
20000e08:	768000ef          	jal	20001570 <__udivdi3>
20000e0c:	00050713          	mv	a4,a0
20000e10:	00058793          	mv	a5,a1
20000e14:	fdc42683          	lw	a3,-36(s0)
20000e18:	00e6a023          	sw	a4,0(a3)
20000e1c:	00f6a223          	sw	a5,4(a3)
20000e20:	fe842703          	lw	a4,-24(s0)
20000e24:	fec42783          	lw	a5,-20(s0)
20000e28:	06400613          	li	a2,100
20000e2c:	00000693          	li	a3,0
20000e30:	00070513          	mv	a0,a4
20000e34:	00078593          	mv	a1,a5
20000e38:	325000ef          	jal	2000195c <__umoddi3>
20000e3c:	00050713          	mv	a4,a0
20000e40:	00058793          	mv	a5,a1
20000e44:	fdc42783          	lw	a5,-36(s0)
20000e48:	00e7a423          	sw	a4,8(a5)
20000e4c:	00000793          	li	a5,0
20000e50:	00078513          	mv	a0,a5
20000e54:	02c12083          	lw	ra,44(sp)
20000e58:	02812403          	lw	s0,40(sp)
20000e5c:	03010113          	addi	sp,sp,48
20000e60:	00008067          	ret

20000e64 <_settimeofday>:
20000e64:	fe010113          	addi	sp,sp,-32
20000e68:	00112e23          	sw	ra,28(sp)
20000e6c:	00812c23          	sw	s0,24(sp)
20000e70:	02010413          	addi	s0,sp,32
20000e74:	fea42623          	sw	a0,-20(s0)
20000e78:	feb42423          	sw	a1,-24(s0)
20000e7c:	fec42783          	lw	a5,-20(s0)
20000e80:	0007a703          	lw	a4,0(a5)
20000e84:	0047a783          	lw	a5,4(a5)
20000e88:	06400593          	li	a1,100
20000e8c:	02b78533          	mul	a0,a5,a1
20000e90:	00000593          	li	a1,0
20000e94:	02b705b3          	mul	a1,a4,a1
20000e98:	00b50533          	add	a0,a0,a1
20000e9c:	06400593          	li	a1,100
20000ea0:	02b70333          	mul	t1,a4,a1
20000ea4:	02b738b3          	mulhu	a7,a4,a1
20000ea8:	00030813          	mv	a6,t1
20000eac:	011507b3          	add	a5,a0,a7
20000eb0:	00078893          	mv	a7,a5
20000eb4:	00080713          	mv	a4,a6
20000eb8:	00088793          	mv	a5,a7
20000ebc:	200055b7          	lui	a1,0x20005
20000ec0:	dce5a423          	sw	a4,-568(a1) # 20004dc8 <current_time>
20000ec4:	dcf5a623          	sw	a5,-564(a1)
20000ec8:	fec42783          	lw	a5,-20(s0)
20000ecc:	0087a783          	lw	a5,8(a5)
20000ed0:	00078613          	mv	a2,a5
20000ed4:	41f7d793          	srai	a5,a5,0x1f
20000ed8:	00078693          	mv	a3,a5
20000edc:	200057b7          	lui	a5,0x20005
20000ee0:	dc87a503          	lw	a0,-568(a5) # 20004dc8 <current_time>
20000ee4:	dcc7a583          	lw	a1,-564(a5)
20000ee8:	00a60733          	add	a4,a2,a0
20000eec:	00070813          	mv	a6,a4
20000ef0:	00c83833          	sltu	a6,a6,a2
20000ef4:	00b687b3          	add	a5,a3,a1
20000ef8:	00f806b3          	add	a3,a6,a5
20000efc:	00068793          	mv	a5,a3
20000f00:	200056b7          	lui	a3,0x20005
20000f04:	dce6a423          	sw	a4,-568(a3) # 20004dc8 <current_time>
20000f08:	dcf6a623          	sw	a5,-564(a3)
20000f0c:	00000793          	li	a5,0
20000f10:	00078513          	mv	a0,a5
20000f14:	01c12083          	lw	ra,28(sp)
20000f18:	01812403          	lw	s0,24(sp)
20000f1c:	02010113          	addi	sp,sp,32
20000f20:	00008067          	ret

20000f24 <_tstchar>:
20000f24:	ff010113          	addi	sp,sp,-16
20000f28:	00112623          	sw	ra,12(sp)
20000f2c:	00812423          	sw	s0,8(sp)
20000f30:	01010413          	addi	s0,sp,16
20000f34:	400147b7          	lui	a5,0x40014
20000f38:	80078793          	addi	a5,a5,-2048 # 40013800 <__stack_top+0x2000dce4>
20000f3c:	0007d783          	lhu	a5,0(a5)
20000f40:	01079793          	slli	a5,a5,0x10
20000f44:	0107d793          	srli	a5,a5,0x10
20000f48:	0207f793          	andi	a5,a5,32
20000f4c:	02078063          	beqz	a5,20000f6c <_tstchar+0x48>
20000f50:	400147b7          	lui	a5,0x40014
20000f54:	80078793          	addi	a5,a5,-2048 # 40013800 <__stack_top+0x2000dce4>
20000f58:	0047d783          	lhu	a5,4(a5)
20000f5c:	01079793          	slli	a5,a5,0x10
20000f60:	0107d793          	srli	a5,a5,0x10
20000f64:	0ff7f793          	zext.b	a5,a5
20000f68:	0080006f          	j	20000f70 <_tstchar+0x4c>
20000f6c:	00000793          	li	a5,0
20000f70:	00078513          	mv	a0,a5
20000f74:	00c12083          	lw	ra,12(sp)
20000f78:	00812403          	lw	s0,8(sp)
20000f7c:	01010113          	addi	sp,sp,16
20000f80:	00008067          	ret

20000f84 <_outchar>:
20000f84:	fe010113          	addi	sp,sp,-32
20000f88:	00112e23          	sw	ra,28(sp)
20000f8c:	00812c23          	sw	s0,24(sp)
20000f90:	02010413          	addi	s0,sp,32
20000f94:	00050793          	mv	a5,a0
20000f98:	fef407a3          	sb	a5,-17(s0)
20000f9c:	400147b7          	lui	a5,0x40014
20000fa0:	80078793          	addi	a5,a5,-2048 # 40013800 <__stack_top+0x2000dce4>
20000fa4:	fef44703          	lbu	a4,-17(s0)
20000fa8:	01071713          	slli	a4,a4,0x10
20000fac:	01075713          	srli	a4,a4,0x10
20000fb0:	00e79223          	sh	a4,4(a5)
20000fb4:	00000013          	nop
20000fb8:	400147b7          	lui	a5,0x40014
20000fbc:	80078793          	addi	a5,a5,-2048 # 40013800 <__stack_top+0x2000dce4>
20000fc0:	0007d783          	lhu	a5,0(a5)
20000fc4:	01079793          	slli	a5,a5,0x10
20000fc8:	0107d793          	srli	a5,a5,0x10
20000fcc:	0807f793          	andi	a5,a5,128
20000fd0:	fe0784e3          	beqz	a5,20000fb8 <_outchar+0x34>
20000fd4:	00000013          	nop
20000fd8:	00000013          	nop
20000fdc:	01c12083          	lw	ra,28(sp)
20000fe0:	01812403          	lw	s0,24(sp)
20000fe4:	02010113          	addi	sp,sp,32
20000fe8:	00008067          	ret

20000fec <_sbrk>:
20000fec:	fd010113          	addi	sp,sp,-48
20000ff0:	02112623          	sw	ra,44(sp)
20000ff4:	02812423          	sw	s0,40(sp)
20000ff8:	03010413          	addi	s0,sp,48
20000ffc:	fca42e23          	sw	a0,-36(s0)
20001000:	200057b7          	lui	a5,0x20005
20001004:	dd07a783          	lw	a5,-560(a5) # 20004dd0 <heap_end>
20001008:	00079a63          	bnez	a5,2000101c <_sbrk+0x30>
2000100c:	200057b7          	lui	a5,0x20005
20001010:	20005737          	lui	a4,0x20005
20001014:	f1c70713          	addi	a4,a4,-228 # 20004f1c <__bss_end__>
20001018:	dce7a823          	sw	a4,-560(a5) # 20004dd0 <heap_end>
2000101c:	200057b7          	lui	a5,0x20005
20001020:	dd07a783          	lw	a5,-560(a5) # 20004dd0 <heap_end>
20001024:	fef42623          	sw	a5,-20(s0)
20001028:	200057b7          	lui	a5,0x20005
2000102c:	dd07a703          	lw	a4,-560(a5) # 20004dd0 <heap_end>
20001030:	fdc42783          	lw	a5,-36(s0)
20001034:	00f70733          	add	a4,a4,a5
20001038:	200057b7          	lui	a5,0x20005
2000103c:	71c78793          	addi	a5,a5,1820 # 2000571c <__heap_top>
20001040:	00e7fe63          	bgeu	a5,a4,2000105c <_sbrk+0x70>
20001044:	484010ef          	jal	200024c8 <__errno>
20001048:	00050713          	mv	a4,a0
2000104c:	00c00793          	li	a5,12
20001050:	00f72023          	sw	a5,0(a4)
20001054:	fff00793          	li	a5,-1
20001058:	0200006f          	j	20001078 <_sbrk+0x8c>
2000105c:	200057b7          	lui	a5,0x20005
20001060:	dd07a703          	lw	a4,-560(a5) # 20004dd0 <heap_end>
20001064:	fdc42783          	lw	a5,-36(s0)
20001068:	00f70733          	add	a4,a4,a5
2000106c:	200057b7          	lui	a5,0x20005
20001070:	dce7a823          	sw	a4,-560(a5) # 20004dd0 <heap_end>
20001074:	fec42783          	lw	a5,-20(s0)
20001078:	00078513          	mv	a0,a5
2000107c:	02c12083          	lw	ra,44(sp)
20001080:	02812403          	lw	s0,40(sp)
20001084:	03010113          	addi	sp,sp,48
20001088:	00008067          	ret

2000108c <_crt_init>:
2000108c:	fe010113          	addi	sp,sp,-32
20001090:	00112e23          	sw	ra,28(sp)
20001094:	00812c23          	sw	s0,24(sp)
20001098:	02010413          	addi	s0,sp,32
2000109c:	00000013          	nop
200010a0:	98dff0ef          	jal	20000a2c <_pll_init_144>
200010a4:	00050793          	mv	a5,a0
200010a8:	fe079ce3          	bnez	a5,200010a0 <_crt_init+0x14>
200010ac:	400217b7          	lui	a5,0x40021
200010b0:	0187a683          	lw	a3,24(a5) # 40021018 <__stack_top+0x2001b4fc>
200010b4:	400217b7          	lui	a5,0x40021
200010b8:	00004737          	lui	a4,0x4
200010bc:	00e6e733          	or	a4,a3,a4
200010c0:	00e7ac23          	sw	a4,24(a5) # 40021018 <__stack_top+0x2001b4fc>
200010c4:	400217b7          	lui	a5,0x40021
200010c8:	0187a703          	lw	a4,24(a5) # 40021018 <__stack_top+0x2001b4fc>
200010cc:	400217b7          	lui	a5,0x40021
200010d0:	00476713          	ori	a4,a4,4
200010d4:	00e7ac23          	sw	a4,24(a5) # 40021018 <__stack_top+0x2001b4fc>
200010d8:	400217b7          	lui	a5,0x40021
200010dc:	0187a703          	lw	a4,24(a5) # 40021018 <__stack_top+0x2001b4fc>
200010e0:	400217b7          	lui	a5,0x40021
200010e4:	00176713          	ori	a4,a4,1
200010e8:	00e7ac23          	sw	a4,24(a5) # 40021018 <__stack_top+0x2001b4fc>
200010ec:	400217b7          	lui	a5,0x40021
200010f0:	0187a703          	lw	a4,24(a5) # 40021018 <__stack_top+0x2001b4fc>
200010f4:	400217b7          	lui	a5,0x40021
200010f8:	02076713          	ori	a4,a4,32
200010fc:	00e7ac23          	sw	a4,24(a5) # 40021018 <__stack_top+0x2001b4fc>
20001100:	400217b7          	lui	a5,0x40021
20001104:	0187a703          	lw	a4,24(a5) # 40021018 <__stack_top+0x2001b4fc>
20001108:	400217b7          	lui	a5,0x40021
2000110c:	04076713          	ori	a4,a4,64
20001110:	00e7ac23          	sw	a4,24(a5) # 40021018 <__stack_top+0x2001b4fc>
20001114:	400217b7          	lui	a5,0x40021
20001118:	00c7a683          	lw	a3,12(a5) # 4002100c <__stack_top+0x2001b4f0>
2000111c:	400217b7          	lui	a5,0x40021
20001120:	00004737          	lui	a4,0x4
20001124:	06070713          	addi	a4,a4,96 # 4060 <_start-0x1fffbfa0>
20001128:	00e6e733          	or	a4,a3,a4
2000112c:	00e7a623          	sw	a4,12(a5) # 4002100c <__stack_top+0x2001b4f0>
20001130:	400217b7          	lui	a5,0x40021
20001134:	00c7a683          	lw	a3,12(a5) # 4002100c <__stack_top+0x2001b4f0>
20001138:	400217b7          	lui	a5,0x40021
2000113c:	ffffc737          	lui	a4,0xffffc
20001140:	f9f70713          	addi	a4,a4,-97 # ffffbf9f <__stack_top+0xdfff6483>
20001144:	00e6f733          	and	a4,a3,a4
20001148:	00e7a623          	sw	a4,12(a5) # 4002100c <__stack_top+0x2001b4f0>
2000114c:	400117b7          	lui	a5,0x40011
20001150:	80478793          	addi	a5,a5,-2044 # 40010804 <__stack_top+0x2000ace8>
20001154:	0007a703          	lw	a4,0(a5)
20001158:	400117b7          	lui	a5,0x40011
2000115c:	80478793          	addi	a5,a5,-2044 # 40010804 <__stack_top+0x2000ace8>
20001160:	0b076713          	ori	a4,a4,176
20001164:	00e7a023          	sw	a4,0(a5)
20001168:	400117b7          	lui	a5,0x40011
2000116c:	80478793          	addi	a5,a5,-2044 # 40010804 <__stack_top+0x2000ace8>
20001170:	0007a703          	lw	a4,0(a5)
20001174:	400117b7          	lui	a5,0x40011
20001178:	80478793          	addi	a5,a5,-2044 # 40010804 <__stack_top+0x2000ace8>
2000117c:	40076713          	ori	a4,a4,1024
20001180:	00e7a023          	sw	a4,0(a5)
20001184:	400147b7          	lui	a5,0x40014
20001188:	80078793          	addi	a5,a5,-2048 # 40013800 <__stack_top+0x2000dce4>
2000118c:	4e200713          	li	a4,1250
20001190:	00e79423          	sh	a4,8(a5)
20001194:	400147b7          	lui	a5,0x40014
20001198:	80078793          	addi	a5,a5,-2048 # 40013800 <__stack_top+0x2000dce4>
2000119c:	00002737          	lui	a4,0x2
200011a0:	00c70713          	addi	a4,a4,12 # 200c <_start-0x1fffdff4>
200011a4:	00e79623          	sh	a4,12(a5)
200011a8:	400217b7          	lui	a5,0x40021
200011ac:	01c7a703          	lw	a4,28(a5) # 4002101c <__stack_top+0x2001b500>
200011b0:	400217b7          	lui	a5,0x40021
200011b4:	01076713          	ori	a4,a4,16
200011b8:	00e7ae23          	sw	a4,28(a5) # 4002101c <__stack_top+0x2001b500>
200011bc:	400217b7          	lui	a5,0x40021
200011c0:	0107a703          	lw	a4,16(a5) # 40021010 <__stack_top+0x2001b4f4>
200011c4:	400217b7          	lui	a5,0x40021
200011c8:	01076713          	ori	a4,a4,16
200011cc:	00e7a823          	sw	a4,16(a5) # 40021010 <__stack_top+0x2001b4f4>
200011d0:	400217b7          	lui	a5,0x40021
200011d4:	0107a703          	lw	a4,16(a5) # 40021010 <__stack_top+0x2001b4f4>
200011d8:	400217b7          	lui	a5,0x40021
200011dc:	fef77713          	andi	a4,a4,-17
200011e0:	00e7a823          	sw	a4,16(a5) # 40021010 <__stack_top+0x2001b4f4>
200011e4:	400217b7          	lui	a5,0x40021
200011e8:	01c7a703          	lw	a4,28(a5) # 4002101c <__stack_top+0x2001b500>
200011ec:	400217b7          	lui	a5,0x40021
200011f0:	02076713          	ori	a4,a4,32
200011f4:	00e7ae23          	sw	a4,28(a5) # 4002101c <__stack_top+0x2001b500>
200011f8:	400217b7          	lui	a5,0x40021
200011fc:	0107a703          	lw	a4,16(a5) # 40021010 <__stack_top+0x2001b4f4>
20001200:	400217b7          	lui	a5,0x40021
20001204:	02076713          	ori	a4,a4,32
20001208:	00e7a823          	sw	a4,16(a5) # 40021010 <__stack_top+0x2001b4f4>
2000120c:	400217b7          	lui	a5,0x40021
20001210:	0107a703          	lw	a4,16(a5) # 40021010 <__stack_top+0x2001b4f4>
20001214:	400217b7          	lui	a5,0x40021
20001218:	fdf77713          	andi	a4,a4,-33
2000121c:	00e7a823          	sw	a4,16(a5) # 40021010 <__stack_top+0x2001b4f4>
20001220:	200057b7          	lui	a5,0x20005
20001224:	dc07a823          	sw	zero,-560(a5) # 20004dd0 <heap_end>
20001228:	200057b7          	lui	a5,0x20005
2000122c:	dc878793          	addi	a5,a5,-568 # 20004dc8 <current_time>
20001230:	fef42623          	sw	a5,-20(s0)
20001234:	200057b7          	lui	a5,0x20005
20001238:	f1c78793          	addi	a5,a5,-228 # 20004f1c <__bss_end__>
2000123c:	fef42423          	sw	a5,-24(s0)
20001240:	0140006f          	j	20001254 <_crt_init+0x1c8>
20001244:	fec42783          	lw	a5,-20(s0)
20001248:	00178713          	addi	a4,a5,1
2000124c:	fee42623          	sw	a4,-20(s0)
20001250:	00078023          	sb	zero,0(a5)
20001254:	fec42703          	lw	a4,-20(s0)
20001258:	fe842783          	lw	a5,-24(s0)
2000125c:	fef764e3          	bltu	a4,a5,20001244 <_crt_init+0x1b8>
20001260:	200057b7          	lui	a5,0x20005
20001264:	dc47a783          	lw	a5,-572(a5) # 20004dc4 <_impure_ptr>
20001268:	0047a783          	lw	a5,4(a5)
2000126c:	00000693          	li	a3,0
20001270:	00200613          	li	a2,2
20001274:	00000593          	li	a1,0
20001278:	00078513          	mv	a0,a5
2000127c:	62d000ef          	jal	200020a8 <setvbuf>
20001280:	200057b7          	lui	a5,0x20005
20001284:	dc47a783          	lw	a5,-572(a5) # 20004dc4 <_impure_ptr>
20001288:	0087a783          	lw	a5,8(a5)
2000128c:	00000693          	li	a3,0
20001290:	00200613          	li	a2,2
20001294:	00000593          	li	a1,0
20001298:	00078513          	mv	a0,a5
2000129c:	60d000ef          	jal	200020a8 <setvbuf>
200012a0:	200057b7          	lui	a5,0x20005
200012a4:	dc47a783          	lw	a5,-572(a5) # 20004dc4 <_impure_ptr>
200012a8:	00c7a783          	lw	a5,12(a5)
200012ac:	00000693          	li	a3,0
200012b0:	00200613          	li	a2,2
200012b4:	00000593          	li	a1,0
200012b8:	00078513          	mv	a0,a5
200012bc:	5ed000ef          	jal	200020a8 <setvbuf>
200012c0:	00000013          	nop
200012c4:	01c12083          	lw	ra,28(sp)
200012c8:	01812403          	lw	s0,24(sp)
200012cc:	02010113          	addi	sp,sp,32
200012d0:	00008067          	ret

200012d4 <_crt_deinit>:
200012d4:	ff010113          	addi	sp,sp,-16
200012d8:	00112623          	sw	ra,12(sp)
200012dc:	00812423          	sw	s0,8(sp)
200012e0:	01010413          	addi	s0,sp,16
200012e4:	00000013          	nop
200012e8:	00c12083          	lw	ra,12(sp)
200012ec:	00812403          	lw	s0,8(sp)
200012f0:	01010113          	addi	sp,sp,16
200012f4:	00008067          	ret

200012f8 <_exit>:
200012f8:	fe010113          	addi	sp,sp,-32
200012fc:	00112e23          	sw	ra,28(sp)
20001300:	00812c23          	sw	s0,24(sp)
20001304:	02010413          	addi	s0,sp,32
20001308:	fea42623          	sw	a0,-20(s0)
2000130c:	fec42783          	lw	a5,-20(s0)
20001310:	00078a63          	beqz	a5,20001324 <_exit+0x2c>
20001314:	fec42583          	lw	a1,-20(s0)
20001318:	200057b7          	lui	a5,0x20005
2000131c:	acc78513          	addi	a0,a5,-1332 # 20004acc <_malloc_usable_size_r+0x32c>
20001320:	421000ef          	jal	20001f40 <iprintf>
20001324:	fb1ff0ef          	jal	200012d4 <_crt_deinit>
20001328:	00000013          	nop
2000132c:	01c12083          	lw	ra,28(sp)
20001330:	01812403          	lw	s0,24(sp)
20001334:	02010113          	addi	sp,sp,32
20001338:	00008067          	ret

2000133c <_close>:
2000133c:	fe010113          	addi	sp,sp,-32
20001340:	00112e23          	sw	ra,28(sp)
20001344:	00812c23          	sw	s0,24(sp)
20001348:	02010413          	addi	s0,sp,32
2000134c:	fea42623          	sw	a0,-20(s0)
20001350:	fff00793          	li	a5,-1
20001354:	00078513          	mv	a0,a5
20001358:	01c12083          	lw	ra,28(sp)
2000135c:	01812403          	lw	s0,24(sp)
20001360:	02010113          	addi	sp,sp,32
20001364:	00008067          	ret

20001368 <_open>:
20001368:	fe010113          	addi	sp,sp,-32
2000136c:	00112e23          	sw	ra,28(sp)
20001370:	00812c23          	sw	s0,24(sp)
20001374:	02010413          	addi	s0,sp,32
20001378:	fea42623          	sw	a0,-20(s0)
2000137c:	feb42423          	sw	a1,-24(s0)
20001380:	fec42223          	sw	a2,-28(s0)
20001384:	fff00793          	li	a5,-1
20001388:	00078513          	mv	a0,a5
2000138c:	01c12083          	lw	ra,28(sp)
20001390:	01812403          	lw	s0,24(sp)
20001394:	02010113          	addi	sp,sp,32
20001398:	00008067          	ret

2000139c <_fstat>:
2000139c:	fe010113          	addi	sp,sp,-32
200013a0:	00112e23          	sw	ra,28(sp)
200013a4:	00812c23          	sw	s0,24(sp)
200013a8:	02010413          	addi	s0,sp,32
200013ac:	fea42623          	sw	a0,-20(s0)
200013b0:	feb42423          	sw	a1,-24(s0)
200013b4:	fe842783          	lw	a5,-24(s0)
200013b8:	00002737          	lui	a4,0x2
200013bc:	00e7a223          	sw	a4,4(a5)
200013c0:	00000793          	li	a5,0
200013c4:	00078513          	mv	a0,a5
200013c8:	01c12083          	lw	ra,28(sp)
200013cc:	01812403          	lw	s0,24(sp)
200013d0:	02010113          	addi	sp,sp,32
200013d4:	00008067          	ret

200013d8 <_lseek>:
200013d8:	fe010113          	addi	sp,sp,-32
200013dc:	00112e23          	sw	ra,28(sp)
200013e0:	00812c23          	sw	s0,24(sp)
200013e4:	02010413          	addi	s0,sp,32
200013e8:	fea42623          	sw	a0,-20(s0)
200013ec:	feb42423          	sw	a1,-24(s0)
200013f0:	fec42223          	sw	a2,-28(s0)
200013f4:	00000793          	li	a5,0
200013f8:	00078513          	mv	a0,a5
200013fc:	01c12083          	lw	ra,28(sp)
20001400:	01812403          	lw	s0,24(sp)
20001404:	02010113          	addi	sp,sp,32
20001408:	00008067          	ret

2000140c <_isatty>:
2000140c:	fe010113          	addi	sp,sp,-32
20001410:	00112e23          	sw	ra,28(sp)
20001414:	00812c23          	sw	s0,24(sp)
20001418:	02010413          	addi	s0,sp,32
2000141c:	fea42623          	sw	a0,-20(s0)
20001420:	00000793          	li	a5,0
20001424:	00078513          	mv	a0,a5
20001428:	01c12083          	lw	ra,28(sp)
2000142c:	01812403          	lw	s0,24(sp)
20001430:	02010113          	addi	sp,sp,32
20001434:	00008067          	ret

20001438 <_write>:
20001438:	fd010113          	addi	sp,sp,-48
2000143c:	02112623          	sw	ra,44(sp)
20001440:	02812423          	sw	s0,40(sp)
20001444:	03010413          	addi	s0,sp,48
20001448:	fca42e23          	sw	a0,-36(s0)
2000144c:	fcb42c23          	sw	a1,-40(s0)
20001450:	fcc42a23          	sw	a2,-44(s0)
20001454:	fd442783          	lw	a5,-44(s0)
20001458:	fef42623          	sw	a5,-20(s0)
2000145c:	01c0006f          	j	20001478 <_write+0x40>
20001460:	fd842783          	lw	a5,-40(s0)
20001464:	00178713          	addi	a4,a5,1
20001468:	fce42c23          	sw	a4,-40(s0)
2000146c:	0007c783          	lbu	a5,0(a5)
20001470:	00078513          	mv	a0,a5
20001474:	b11ff0ef          	jal	20000f84 <_outchar>
20001478:	fd442783          	lw	a5,-44(s0)
2000147c:	fff78713          	addi	a4,a5,-1
20001480:	fce42a23          	sw	a4,-44(s0)
20001484:	fc079ee3          	bnez	a5,20001460 <_write+0x28>
20001488:	fec42783          	lw	a5,-20(s0)
2000148c:	00078513          	mv	a0,a5
20001490:	02c12083          	lw	ra,44(sp)
20001494:	02812403          	lw	s0,40(sp)
20001498:	03010113          	addi	sp,sp,48
2000149c:	00008067          	ret

200014a0 <_read>:
200014a0:	fd010113          	addi	sp,sp,-48
200014a4:	02112623          	sw	ra,44(sp)
200014a8:	02812423          	sw	s0,40(sp)
200014ac:	03010413          	addi	s0,sp,48
200014b0:	fca42e23          	sw	a0,-36(s0)
200014b4:	fcb42c23          	sw	a1,-40(s0)
200014b8:	fcc42a23          	sw	a2,-44(s0)
200014bc:	fe042623          	sw	zero,-20(s0)
200014c0:	a65ff0ef          	jal	20000f24 <_tstchar>
200014c4:	00050793          	mv	a5,a0
200014c8:	fef405a3          	sb	a5,-21(s0)
200014cc:	feb44783          	lbu	a5,-21(s0)
200014d0:	02078263          	beqz	a5,200014f4 <_read+0x54>
200014d4:	fd842783          	lw	a5,-40(s0)
200014d8:	00178713          	addi	a4,a5,1
200014dc:	fce42c23          	sw	a4,-40(s0)
200014e0:	feb44703          	lbu	a4,-21(s0)
200014e4:	00e78023          	sb	a4,0(a5)
200014e8:	fec42783          	lw	a5,-20(s0)
200014ec:	00178793          	addi	a5,a5,1
200014f0:	fef42623          	sw	a5,-20(s0)
200014f4:	fd442703          	lw	a4,-44(s0)
200014f8:	fec42783          	lw	a5,-20(s0)
200014fc:	fcf712e3          	bne	a4,a5,200014c0 <_read+0x20>
20001500:	fec42783          	lw	a5,-20(s0)
20001504:	00078513          	mv	a0,a5
20001508:	02c12083          	lw	ra,44(sp)
2000150c:	02812403          	lw	s0,40(sp)
20001510:	03010113          	addi	sp,sp,48
20001514:	00008067          	ret

20001518 <_getpid>:
20001518:	ff010113          	addi	sp,sp,-16
2000151c:	00112623          	sw	ra,12(sp)
20001520:	00812423          	sw	s0,8(sp)
20001524:	01010413          	addi	s0,sp,16
20001528:	00000793          	li	a5,0
2000152c:	00078513          	mv	a0,a5
20001530:	00c12083          	lw	ra,12(sp)
20001534:	00812403          	lw	s0,8(sp)
20001538:	01010113          	addi	sp,sp,16
2000153c:	00008067          	ret

20001540 <_kill>:
20001540:	fe010113          	addi	sp,sp,-32
20001544:	00112e23          	sw	ra,28(sp)
20001548:	00812c23          	sw	s0,24(sp)
2000154c:	02010413          	addi	s0,sp,32
20001550:	fea42623          	sw	a0,-20(s0)
20001554:	feb42423          	sw	a1,-24(s0)
20001558:	00000793          	li	a5,0
2000155c:	00078513          	mv	a0,a5
20001560:	01c12083          	lw	ra,28(sp)
20001564:	01812403          	lw	s0,24(sp)
20001568:	02010113          	addi	sp,sp,32
2000156c:	00008067          	ret

20001570 <__udivdi3>:
20001570:	00060713          	mv	a4,a2
20001574:	00068893          	mv	a7,a3
20001578:	00050813          	mv	a6,a0
2000157c:	00058313          	mv	t1,a1
20001580:	24069463          	bnez	a3,200017c8 <__udivdi3+0x258>
20001584:	200057b7          	lui	a5,0x20005
20001588:	aec78793          	addi	a5,a5,-1300 # 20004aec <__clz_tab>
2000158c:	0ec5f463          	bgeu	a1,a2,20001674 <__udivdi3+0x104>
20001590:	000106b7          	lui	a3,0x10
20001594:	0cd67063          	bgeu	a2,a3,20001654 <__udivdi3+0xe4>
20001598:	10063693          	sltiu	a3,a2,256
2000159c:	0016b693          	seqz	a3,a3
200015a0:	00369693          	slli	a3,a3,0x3
200015a4:	00d65e33          	srl	t3,a2,a3
200015a8:	01c787b3          	add	a5,a5,t3
200015ac:	0007c783          	lbu	a5,0(a5)
200015b0:	00d787b3          	add	a5,a5,a3
200015b4:	02000693          	li	a3,32
200015b8:	00d78e63          	beq	a5,a3,200015d4 <__udivdi3+0x64>
200015bc:	40f686b3          	sub	a3,a3,a5
200015c0:	00d59333          	sll	t1,a1,a3
200015c4:	00f557b3          	srl	a5,a0,a5
200015c8:	00d61733          	sll	a4,a2,a3
200015cc:	0067e333          	or	t1,a5,t1
200015d0:	00d51833          	sll	a6,a0,a3
200015d4:	01075513          	srli	a0,a4,0x10
200015d8:	02a357b3          	divu	a5,t1,a0
200015dc:	01071593          	slli	a1,a4,0x10
200015e0:	0105d593          	srli	a1,a1,0x10
200015e4:	01085693          	srli	a3,a6,0x10
200015e8:	02a37333          	remu	t1,t1,a0
200015ec:	02f58633          	mul	a2,a1,a5
200015f0:	01031313          	slli	t1,t1,0x10
200015f4:	0066e6b3          	or	a3,a3,t1
200015f8:	00c6fa63          	bgeu	a3,a2,2000160c <__udivdi3+0x9c>
200015fc:	00d706b3          	add	a3,a4,a3
20001600:	00c6f463          	bgeu	a3,a2,20001608 <__udivdi3+0x98>
20001604:	06e6f263          	bgeu	a3,a4,20001668 <__udivdi3+0xf8>
20001608:	fff78793          	addi	a5,a5,-1
2000160c:	40c686b3          	sub	a3,a3,a2
20001610:	02a6d633          	divu	a2,a3,a0
20001614:	01081813          	slli	a6,a6,0x10
20001618:	01085813          	srli	a6,a6,0x10
2000161c:	02a6f6b3          	remu	a3,a3,a0
20001620:	02c585b3          	mul	a1,a1,a2
20001624:	01069693          	slli	a3,a3,0x10
20001628:	00d86833          	or	a6,a6,a3
2000162c:	00b87a63          	bgeu	a6,a1,20001640 <__udivdi3+0xd0>
20001630:	01070833          	add	a6,a4,a6
20001634:	00b87463          	bgeu	a6,a1,2000163c <__udivdi3+0xcc>
20001638:	18e87463          	bgeu	a6,a4,200017c0 <__udivdi3+0x250>
2000163c:	fff60613          	addi	a2,a2,-1
20001640:	01079793          	slli	a5,a5,0x10
20001644:	00c7e7b3          	or	a5,a5,a2
20001648:	00078513          	mv	a0,a5
2000164c:	00088593          	mv	a1,a7
20001650:	00008067          	ret
20001654:	01000e37          	lui	t3,0x1000
20001658:	01800693          	li	a3,24
2000165c:	f5c674e3          	bgeu	a2,t3,200015a4 <__udivdi3+0x34>
20001660:	01000693          	li	a3,16
20001664:	f41ff06f          	j	200015a4 <__udivdi3+0x34>
20001668:	ffe78793          	addi	a5,a5,-2
2000166c:	00e686b3          	add	a3,a3,a4
20001670:	f9dff06f          	j	2000160c <__udivdi3+0x9c>
20001674:	00000693          	li	a3,0
20001678:	00060c63          	beqz	a2,20001690 <__udivdi3+0x120>
2000167c:	000106b7          	lui	a3,0x10
20001680:	06d67863          	bgeu	a2,a3,200016f0 <__udivdi3+0x180>
20001684:	10063693          	sltiu	a3,a2,256
20001688:	0016b693          	seqz	a3,a3
2000168c:	00369693          	slli	a3,a3,0x3
20001690:	00d658b3          	srl	a7,a2,a3
20001694:	011787b3          	add	a5,a5,a7
20001698:	0007c783          	lbu	a5,0(a5)
2000169c:	00d787b3          	add	a5,a5,a3
200016a0:	02000693          	li	a3,32
200016a4:	06d79063          	bne	a5,a3,20001704 <__udivdi3+0x194>
200016a8:	40c58633          	sub	a2,a1,a2
200016ac:	00100893          	li	a7,1
200016b0:	01075513          	srli	a0,a4,0x10
200016b4:	02a657b3          	divu	a5,a2,a0
200016b8:	01071593          	slli	a1,a4,0x10
200016bc:	0105d593          	srli	a1,a1,0x10
200016c0:	01085693          	srli	a3,a6,0x10
200016c4:	02a67633          	remu	a2,a2,a0
200016c8:	02f58333          	mul	t1,a1,a5
200016cc:	01061613          	slli	a2,a2,0x10
200016d0:	00c6e6b3          	or	a3,a3,a2
200016d4:	0066fa63          	bgeu	a3,t1,200016e8 <__udivdi3+0x178>
200016d8:	00d706b3          	add	a3,a4,a3
200016dc:	0066f463          	bgeu	a3,t1,200016e4 <__udivdi3+0x174>
200016e0:	0ce6fa63          	bgeu	a3,a4,200017b4 <__udivdi3+0x244>
200016e4:	fff78793          	addi	a5,a5,-1
200016e8:	406686b3          	sub	a3,a3,t1
200016ec:	f25ff06f          	j	20001610 <__udivdi3+0xa0>
200016f0:	010008b7          	lui	a7,0x1000
200016f4:	01800693          	li	a3,24
200016f8:	f9167ce3          	bgeu	a2,a7,20001690 <__udivdi3+0x120>
200016fc:	01000693          	li	a3,16
20001700:	f91ff06f          	j	20001690 <__udivdi3+0x120>
20001704:	40f68833          	sub	a6,a3,a5
20001708:	01061733          	sll	a4,a2,a6
2000170c:	00f5d6b3          	srl	a3,a1,a5
20001710:	010595b3          	sll	a1,a1,a6
20001714:	00f557b3          	srl	a5,a0,a5
20001718:	01051833          	sll	a6,a0,a6
2000171c:	01075513          	srli	a0,a4,0x10
20001720:	02a6d8b3          	divu	a7,a3,a0
20001724:	01071613          	slli	a2,a4,0x10
20001728:	01065613          	srli	a2,a2,0x10
2000172c:	00b7e7b3          	or	a5,a5,a1
20001730:	02a6f6b3          	remu	a3,a3,a0
20001734:	03160333          	mul	t1,a2,a7
20001738:	01069593          	slli	a1,a3,0x10
2000173c:	0107d693          	srli	a3,a5,0x10
20001740:	00b6e6b3          	or	a3,a3,a1
20001744:	0066fa63          	bgeu	a3,t1,20001758 <__udivdi3+0x1e8>
20001748:	00d706b3          	add	a3,a4,a3
2000174c:	0066f463          	bgeu	a3,t1,20001754 <__udivdi3+0x1e4>
20001750:	04e6f663          	bgeu	a3,a4,2000179c <__udivdi3+0x22c>
20001754:	fff88893          	addi	a7,a7,-1 # ffffff <_start-0x1f000001>
20001758:	406686b3          	sub	a3,a3,t1
2000175c:	02a6d5b3          	divu	a1,a3,a0
20001760:	01079793          	slli	a5,a5,0x10
20001764:	0107d793          	srli	a5,a5,0x10
20001768:	02a6f6b3          	remu	a3,a3,a0
2000176c:	02b60633          	mul	a2,a2,a1
20001770:	01069693          	slli	a3,a3,0x10
20001774:	00d7e7b3          	or	a5,a5,a3
20001778:	00c7fa63          	bgeu	a5,a2,2000178c <__udivdi3+0x21c>
2000177c:	00f707b3          	add	a5,a4,a5
20001780:	00c7f463          	bgeu	a5,a2,20001788 <__udivdi3+0x218>
20001784:	02e7f263          	bgeu	a5,a4,200017a8 <__udivdi3+0x238>
20001788:	fff58593          	addi	a1,a1,-1
2000178c:	01089893          	slli	a7,a7,0x10
20001790:	40c78633          	sub	a2,a5,a2
20001794:	00b8e8b3          	or	a7,a7,a1
20001798:	f19ff06f          	j	200016b0 <__udivdi3+0x140>
2000179c:	ffe88893          	addi	a7,a7,-2
200017a0:	00e686b3          	add	a3,a3,a4
200017a4:	fb5ff06f          	j	20001758 <__udivdi3+0x1e8>
200017a8:	ffe58593          	addi	a1,a1,-2
200017ac:	00e787b3          	add	a5,a5,a4
200017b0:	fddff06f          	j	2000178c <__udivdi3+0x21c>
200017b4:	ffe78793          	addi	a5,a5,-2
200017b8:	00e686b3          	add	a3,a3,a4
200017bc:	f2dff06f          	j	200016e8 <__udivdi3+0x178>
200017c0:	ffe60613          	addi	a2,a2,-2
200017c4:	e7dff06f          	j	20001640 <__udivdi3+0xd0>
200017c8:	18d5e463          	bltu	a1,a3,20001950 <__udivdi3+0x3e0>
200017cc:	000107b7          	lui	a5,0x10
200017d0:	04f6f463          	bgeu	a3,a5,20001818 <__udivdi3+0x2a8>
200017d4:	1006b793          	sltiu	a5,a3,256
200017d8:	0017b793          	seqz	a5,a5
200017dc:	00379793          	slli	a5,a5,0x3
200017e0:	20005737          	lui	a4,0x20005
200017e4:	00f6d833          	srl	a6,a3,a5
200017e8:	aec70713          	addi	a4,a4,-1300 # 20004aec <__clz_tab>
200017ec:	01070733          	add	a4,a4,a6
200017f0:	00074703          	lbu	a4,0(a4)
200017f4:	02000813          	li	a6,32
200017f8:	00f70733          	add	a4,a4,a5
200017fc:	03071863          	bne	a4,a6,2000182c <__udivdi3+0x2bc>
20001800:	00c537b3          	sltu	a5,a0,a2
20001804:	0017b793          	seqz	a5,a5
20001808:	00b6b6b3          	sltu	a3,a3,a1
2000180c:	00d7e7b3          	or	a5,a5,a3
20001810:	00000893          	li	a7,0
20001814:	e35ff06f          	j	20001648 <__udivdi3+0xd8>
20001818:	01000737          	lui	a4,0x1000
2000181c:	01800793          	li	a5,24
20001820:	fce6f0e3          	bgeu	a3,a4,200017e0 <__udivdi3+0x270>
20001824:	01000793          	li	a5,16
20001828:	fb9ff06f          	j	200017e0 <__udivdi3+0x270>
2000182c:	40e80833          	sub	a6,a6,a4
20001830:	00e658b3          	srl	a7,a2,a4
20001834:	010696b3          	sll	a3,a3,a6
20001838:	00d8e8b3          	or	a7,a7,a3
2000183c:	0108de13          	srli	t3,a7,0x10
20001840:	00e5d6b3          	srl	a3,a1,a4
20001844:	03c6d7b3          	divu	a5,a3,t3
20001848:	01089313          	slli	t1,a7,0x10
2000184c:	01035313          	srli	t1,t1,0x10
20001850:	010595b3          	sll	a1,a1,a6
20001854:	00e55733          	srl	a4,a0,a4
20001858:	00b76733          	or	a4,a4,a1
2000185c:	01061633          	sll	a2,a2,a6
20001860:	03c6f6b3          	remu	a3,a3,t3
20001864:	02f30eb3          	mul	t4,t1,a5
20001868:	01069593          	slli	a1,a3,0x10
2000186c:	01075693          	srli	a3,a4,0x10
20001870:	00b6e6b3          	or	a3,a3,a1
20001874:	01d6fa63          	bgeu	a3,t4,20001888 <__udivdi3+0x318>
20001878:	00d886b3          	add	a3,a7,a3
2000187c:	01d6f463          	bgeu	a3,t4,20001884 <__udivdi3+0x314>
20001880:	0b16fc63          	bgeu	a3,a7,20001938 <__udivdi3+0x3c8>
20001884:	fff78793          	addi	a5,a5,-1 # ffff <_start-0x1fff0001>
20001888:	41d686b3          	sub	a3,a3,t4
2000188c:	03c6d5b3          	divu	a1,a3,t3
20001890:	01071713          	slli	a4,a4,0x10
20001894:	01075713          	srli	a4,a4,0x10
20001898:	03c6f6b3          	remu	a3,a3,t3
2000189c:	02b30333          	mul	t1,t1,a1
200018a0:	01069693          	slli	a3,a3,0x10
200018a4:	00d76733          	or	a4,a4,a3
200018a8:	00677a63          	bgeu	a4,t1,200018bc <__udivdi3+0x34c>
200018ac:	00e88733          	add	a4,a7,a4
200018b0:	00677463          	bgeu	a4,t1,200018b8 <__udivdi3+0x348>
200018b4:	09177863          	bgeu	a4,a7,20001944 <__udivdi3+0x3d4>
200018b8:	fff58593          	addi	a1,a1,-1
200018bc:	01079793          	slli	a5,a5,0x10
200018c0:	00b7e7b3          	or	a5,a5,a1
200018c4:	40670733          	sub	a4,a4,t1
200018c8:	01059593          	slli	a1,a1,0x10
200018cc:	01061313          	slli	t1,a2,0x10
200018d0:	0105d593          	srli	a1,a1,0x10
200018d4:	0107d893          	srli	a7,a5,0x10
200018d8:	01035313          	srli	t1,t1,0x10
200018dc:	01065613          	srli	a2,a2,0x10
200018e0:	02658e33          	mul	t3,a1,t1
200018e4:	02688333          	mul	t1,a7,t1
200018e8:	010e5693          	srli	a3,t3,0x10
200018ec:	02c585b3          	mul	a1,a1,a2
200018f0:	006585b3          	add	a1,a1,t1
200018f4:	00b686b3          	add	a3,a3,a1
200018f8:	02c888b3          	mul	a7,a7,a2
200018fc:	0066f663          	bgeu	a3,t1,20001908 <__udivdi3+0x398>
20001900:	00010637          	lui	a2,0x10
20001904:	00c888b3          	add	a7,a7,a2
20001908:	0106d613          	srli	a2,a3,0x10
2000190c:	01160633          	add	a2,a2,a7
20001910:	02c76063          	bltu	a4,a2,20001930 <__udivdi3+0x3c0>
20001914:	010e1e13          	slli	t3,t3,0x10
20001918:	01069693          	slli	a3,a3,0x10
2000191c:	010e5e13          	srli	t3,t3,0x10
20001920:	01051533          	sll	a0,a0,a6
20001924:	01c686b3          	add	a3,a3,t3
20001928:	eed574e3          	bgeu	a0,a3,20001810 <__udivdi3+0x2a0>
2000192c:	eec712e3          	bne	a4,a2,20001810 <__udivdi3+0x2a0>
20001930:	fff78793          	addi	a5,a5,-1
20001934:	eddff06f          	j	20001810 <__udivdi3+0x2a0>
20001938:	ffe78793          	addi	a5,a5,-2
2000193c:	011686b3          	add	a3,a3,a7
20001940:	f49ff06f          	j	20001888 <__udivdi3+0x318>
20001944:	ffe58593          	addi	a1,a1,-2
20001948:	01170733          	add	a4,a4,a7
2000194c:	f71ff06f          	j	200018bc <__udivdi3+0x34c>
20001950:	00000893          	li	a7,0
20001954:	00000793          	li	a5,0
20001958:	cf1ff06f          	j	20001648 <__udivdi3+0xd8>

2000195c <__umoddi3>:
2000195c:	00060813          	mv	a6,a2
20001960:	00050793          	mv	a5,a0
20001964:	00058713          	mv	a4,a1
20001968:	24069463          	bnez	a3,20001bb0 <__umoddi3+0x254>
2000196c:	200056b7          	lui	a3,0x20005
20001970:	aec68693          	addi	a3,a3,-1300 # 20004aec <__clz_tab>
20001974:	0ec5f863          	bgeu	a1,a2,20001a64 <__umoddi3+0x108>
20001978:	000108b7          	lui	a7,0x10
2000197c:	0d167a63          	bgeu	a2,a7,20001a50 <__umoddi3+0xf4>
20001980:	10063893          	sltiu	a7,a2,256
20001984:	0018b893          	seqz	a7,a7
20001988:	00389893          	slli	a7,a7,0x3
2000198c:	01165333          	srl	t1,a2,a7
20001990:	006686b3          	add	a3,a3,t1
20001994:	0006c683          	lbu	a3,0(a3)
20001998:	02000313          	li	t1,32
2000199c:	011686b3          	add	a3,a3,a7
200019a0:	40d308b3          	sub	a7,t1,a3
200019a4:	00668c63          	beq	a3,t1,200019bc <__umoddi3+0x60>
200019a8:	01159733          	sll	a4,a1,a7
200019ac:	00d556b3          	srl	a3,a0,a3
200019b0:	01161833          	sll	a6,a2,a7
200019b4:	00e6e733          	or	a4,a3,a4
200019b8:	011517b3          	sll	a5,a0,a7
200019bc:	01085513          	srli	a0,a6,0x10
200019c0:	02a756b3          	divu	a3,a4,a0
200019c4:	01081313          	slli	t1,a6,0x10
200019c8:	01035313          	srli	t1,t1,0x10
200019cc:	02a77733          	remu	a4,a4,a0
200019d0:	026686b3          	mul	a3,a3,t1
200019d4:	01071593          	slli	a1,a4,0x10
200019d8:	0107d713          	srli	a4,a5,0x10
200019dc:	00b76733          	or	a4,a4,a1
200019e0:	02d77063          	bgeu	a4,a3,20001a00 <__umoddi3+0xa4>
200019e4:	00e80733          	add	a4,a6,a4
200019e8:	010735b3          	sltu	a1,a4,a6
200019ec:	00d73633          	sltu	a2,a4,a3
200019f0:	0015b593          	seqz	a1,a1
200019f4:	00b67633          	and	a2,a2,a1
200019f8:	03060633          	mul	a2,a2,a6
200019fc:	00e60733          	add	a4,a2,a4
20001a00:	40d70733          	sub	a4,a4,a3
20001a04:	02a756b3          	divu	a3,a4,a0
20001a08:	02a77733          	remu	a4,a4,a0
20001a0c:	026686b3          	mul	a3,a3,t1
20001a10:	01079513          	slli	a0,a5,0x10
20001a14:	01071713          	slli	a4,a4,0x10
20001a18:	01055513          	srli	a0,a0,0x10
20001a1c:	00e56533          	or	a0,a0,a4
20001a20:	02d57063          	bgeu	a0,a3,20001a40 <__umoddi3+0xe4>
20001a24:	00a80533          	add	a0,a6,a0
20001a28:	01053733          	sltu	a4,a0,a6
20001a2c:	00d537b3          	sltu	a5,a0,a3
20001a30:	00173713          	seqz	a4,a4
20001a34:	00e7f7b3          	and	a5,a5,a4
20001a38:	030787b3          	mul	a5,a5,a6
20001a3c:	00a78533          	add	a0,a5,a0
20001a40:	40d50533          	sub	a0,a0,a3
20001a44:	01155533          	srl	a0,a0,a7
20001a48:	00000593          	li	a1,0
20001a4c:	00008067          	ret
20001a50:	01000337          	lui	t1,0x1000
20001a54:	01800893          	li	a7,24
20001a58:	f2667ae3          	bgeu	a2,t1,2000198c <__umoddi3+0x30>
20001a5c:	01000893          	li	a7,16
20001a60:	f2dff06f          	j	2000198c <__umoddi3+0x30>
20001a64:	00000713          	li	a4,0
20001a68:	00060c63          	beqz	a2,20001a80 <__umoddi3+0x124>
20001a6c:	00010737          	lui	a4,0x10
20001a70:	08e67463          	bgeu	a2,a4,20001af8 <__umoddi3+0x19c>
20001a74:	10063713          	sltiu	a4,a2,256
20001a78:	00173713          	seqz	a4,a4
20001a7c:	00371713          	slli	a4,a4,0x3
20001a80:	00e658b3          	srl	a7,a2,a4
20001a84:	011686b3          	add	a3,a3,a7
20001a88:	0006c683          	lbu	a3,0(a3)
20001a8c:	00e686b3          	add	a3,a3,a4
20001a90:	02000713          	li	a4,32
20001a94:	40d708b3          	sub	a7,a4,a3
20001a98:	06e69a63          	bne	a3,a4,20001b0c <__umoddi3+0x1b0>
20001a9c:	40c586b3          	sub	a3,a1,a2
20001aa0:	01085593          	srli	a1,a6,0x10
20001aa4:	02b6d633          	divu	a2,a3,a1
20001aa8:	01081313          	slli	t1,a6,0x10
20001aac:	01035313          	srli	t1,t1,0x10
20001ab0:	0107d713          	srli	a4,a5,0x10
20001ab4:	02b6f6b3          	remu	a3,a3,a1
20001ab8:	02660633          	mul	a2,a2,t1
20001abc:	01069693          	slli	a3,a3,0x10
20001ac0:	00d76733          	or	a4,a4,a3
20001ac4:	02c77063          	bgeu	a4,a2,20001ae4 <__umoddi3+0x188>
20001ac8:	00e80733          	add	a4,a6,a4
20001acc:	01073533          	sltu	a0,a4,a6
20001ad0:	00c736b3          	sltu	a3,a4,a2
20001ad4:	00153513          	seqz	a0,a0
20001ad8:	00a6f6b3          	and	a3,a3,a0
20001adc:	030686b3          	mul	a3,a3,a6
20001ae0:	00e68733          	add	a4,a3,a4
20001ae4:	40c70733          	sub	a4,a4,a2
20001ae8:	02b756b3          	divu	a3,a4,a1
20001aec:	02b77733          	remu	a4,a4,a1
20001af0:	026686b3          	mul	a3,a3,t1
20001af4:	f1dff06f          	j	20001a10 <__umoddi3+0xb4>
20001af8:	010008b7          	lui	a7,0x1000
20001afc:	01800713          	li	a4,24
20001b00:	f91670e3          	bgeu	a2,a7,20001a80 <__umoddi3+0x124>
20001b04:	01000713          	li	a4,16
20001b08:	f79ff06f          	j	20001a80 <__umoddi3+0x124>
20001b0c:	01161833          	sll	a6,a2,a7
20001b10:	00d5d733          	srl	a4,a1,a3
20001b14:	011517b3          	sll	a5,a0,a7
20001b18:	011595b3          	sll	a1,a1,a7
20001b1c:	00d556b3          	srl	a3,a0,a3
20001b20:	01085513          	srli	a0,a6,0x10
20001b24:	00b6e6b3          	or	a3,a3,a1
20001b28:	02a755b3          	divu	a1,a4,a0
20001b2c:	01081e13          	slli	t3,a6,0x10
20001b30:	010e5e13          	srli	t3,t3,0x10
20001b34:	02a77733          	remu	a4,a4,a0
20001b38:	03c585b3          	mul	a1,a1,t3
20001b3c:	01071613          	slli	a2,a4,0x10
20001b40:	0106d713          	srli	a4,a3,0x10
20001b44:	00c76733          	or	a4,a4,a2
20001b48:	02b77063          	bgeu	a4,a1,20001b68 <__umoddi3+0x20c>
20001b4c:	00e80733          	add	a4,a6,a4
20001b50:	01073333          	sltu	t1,a4,a6
20001b54:	00b73633          	sltu	a2,a4,a1
20001b58:	00133313          	seqz	t1,t1
20001b5c:	00667633          	and	a2,a2,t1
20001b60:	03060633          	mul	a2,a2,a6
20001b64:	00e60733          	add	a4,a2,a4
20001b68:	40b70733          	sub	a4,a4,a1
20001b6c:	02a75633          	divu	a2,a4,a0
20001b70:	01069693          	slli	a3,a3,0x10
20001b74:	0106d693          	srli	a3,a3,0x10
20001b78:	02a77733          	remu	a4,a4,a0
20001b7c:	03c60633          	mul	a2,a2,t3
20001b80:	01071713          	slli	a4,a4,0x10
20001b84:	00e6e6b3          	or	a3,a3,a4
20001b88:	02c6f063          	bgeu	a3,a2,20001ba8 <__umoddi3+0x24c>
20001b8c:	00d806b3          	add	a3,a6,a3
20001b90:	0106b5b3          	sltu	a1,a3,a6
20001b94:	00c6b733          	sltu	a4,a3,a2
20001b98:	0015b593          	seqz	a1,a1
20001b9c:	00b77733          	and	a4,a4,a1
20001ba0:	03070733          	mul	a4,a4,a6
20001ba4:	00d706b3          	add	a3,a4,a3
20001ba8:	40c686b3          	sub	a3,a3,a2
20001bac:	ef5ff06f          	j	20001aa0 <__umoddi3+0x144>
20001bb0:	1ad5e663          	bltu	a1,a3,20001d5c <__umoddi3+0x400>
20001bb4:	00010837          	lui	a6,0x10
20001bb8:	0506fc63          	bgeu	a3,a6,20001c10 <__umoddi3+0x2b4>
20001bbc:	1006b893          	sltiu	a7,a3,256
20001bc0:	0018b893          	seqz	a7,a7
20001bc4:	00389893          	slli	a7,a7,0x3
20001bc8:	20005837          	lui	a6,0x20005
20001bcc:	0116d333          	srl	t1,a3,a7
20001bd0:	aec80813          	addi	a6,a6,-1300 # 20004aec <__clz_tab>
20001bd4:	00680833          	add	a6,a6,t1
20001bd8:	00084803          	lbu	a6,0(a6)
20001bdc:	01180833          	add	a6,a6,a7
20001be0:	02000893          	li	a7,32
20001be4:	05181063          	bne	a6,a7,20001c24 <__umoddi3+0x2c8>
20001be8:	00c57463          	bgeu	a0,a2,20001bf0 <__umoddi3+0x294>
20001bec:	00b6fc63          	bgeu	a3,a1,20001c04 <__umoddi3+0x2a8>
20001bf0:	40c50733          	sub	a4,a0,a2
20001bf4:	00070793          	mv	a5,a4
20001bf8:	40d586b3          	sub	a3,a1,a3
20001bfc:	00e53733          	sltu	a4,a0,a4
20001c00:	40e68733          	sub	a4,a3,a4
20001c04:	00078513          	mv	a0,a5
20001c08:	00070593          	mv	a1,a4
20001c0c:	00008067          	ret
20001c10:	01000837          	lui	a6,0x1000
20001c14:	01800893          	li	a7,24
20001c18:	fb06f8e3          	bgeu	a3,a6,20001bc8 <__umoddi3+0x26c>
20001c1c:	01000893          	li	a7,16
20001c20:	fa9ff06f          	j	20001bc8 <__umoddi3+0x26c>
20001c24:	410888b3          	sub	a7,a7,a6
20001c28:	011696b3          	sll	a3,a3,a7
20001c2c:	01065333          	srl	t1,a2,a6
20001c30:	00d36333          	or	t1,t1,a3
20001c34:	0105d733          	srl	a4,a1,a6
20001c38:	01035e93          	srli	t4,t1,0x10
20001c3c:	03d756b3          	divu	a3,a4,t4
20001c40:	01031e13          	slli	t3,t1,0x10
20001c44:	010e5e13          	srli	t3,t3,0x10
20001c48:	011597b3          	sll	a5,a1,a7
20001c4c:	010555b3          	srl	a1,a0,a6
20001c50:	00f5e5b3          	or	a1,a1,a5
20001c54:	0105d793          	srli	a5,a1,0x10
20001c58:	01161633          	sll	a2,a2,a7
20001c5c:	01151533          	sll	a0,a0,a7
20001c60:	03d77733          	remu	a4,a4,t4
20001c64:	02de0f33          	mul	t5,t3,a3
20001c68:	01071713          	slli	a4,a4,0x10
20001c6c:	00e7e7b3          	or	a5,a5,a4
20001c70:	01e7fa63          	bgeu	a5,t5,20001c84 <__umoddi3+0x328>
20001c74:	00f307b3          	add	a5,t1,a5
20001c78:	01e7f463          	bgeu	a5,t5,20001c80 <__umoddi3+0x324>
20001c7c:	0e67f263          	bgeu	a5,t1,20001d60 <__umoddi3+0x404>
20001c80:	fff68693          	addi	a3,a3,-1
20001c84:	41e787b3          	sub	a5,a5,t5
20001c88:	03d7d733          	divu	a4,a5,t4
20001c8c:	01059593          	slli	a1,a1,0x10
20001c90:	0105d593          	srli	a1,a1,0x10
20001c94:	03d7f7b3          	remu	a5,a5,t4
20001c98:	02ee0e33          	mul	t3,t3,a4
20001c9c:	01079793          	slli	a5,a5,0x10
20001ca0:	00f5e5b3          	or	a1,a1,a5
20001ca4:	01c5fa63          	bgeu	a1,t3,20001cb8 <__umoddi3+0x35c>
20001ca8:	00b305b3          	add	a1,t1,a1
20001cac:	01c5f463          	bgeu	a1,t3,20001cb4 <__umoddi3+0x358>
20001cb0:	0a65fe63          	bgeu	a1,t1,20001d6c <__umoddi3+0x410>
20001cb4:	fff70713          	addi	a4,a4,-1 # ffff <_start-0x1fff0001>
20001cb8:	01069693          	slli	a3,a3,0x10
20001cbc:	00e6e6b3          	or	a3,a3,a4
20001cc0:	41c585b3          	sub	a1,a1,t3
20001cc4:	01071713          	slli	a4,a4,0x10
20001cc8:	01061e13          	slli	t3,a2,0x10
20001ccc:	01065793          	srli	a5,a2,0x10
20001cd0:	01075713          	srli	a4,a4,0x10
20001cd4:	0106d693          	srli	a3,a3,0x10
20001cd8:	010e5e13          	srli	t3,t3,0x10
20001cdc:	03c70eb3          	mul	t4,a4,t3
20001ce0:	03c68e33          	mul	t3,a3,t3
20001ce4:	02f70733          	mul	a4,a4,a5
20001ce8:	02f686b3          	mul	a3,a3,a5
20001cec:	01c707b3          	add	a5,a4,t3
20001cf0:	010ed713          	srli	a4,t4,0x10
20001cf4:	00f70733          	add	a4,a4,a5
20001cf8:	01c77663          	bgeu	a4,t3,20001d04 <__umoddi3+0x3a8>
20001cfc:	000107b7          	lui	a5,0x10
20001d00:	00f686b3          	add	a3,a3,a5
20001d04:	01075793          	srli	a5,a4,0x10
20001d08:	010e9e93          	slli	t4,t4,0x10
20001d0c:	01071713          	slli	a4,a4,0x10
20001d10:	010ede93          	srli	t4,t4,0x10
20001d14:	00d787b3          	add	a5,a5,a3
20001d18:	01d70733          	add	a4,a4,t4
20001d1c:	00f5e663          	bltu	a1,a5,20001d28 <__umoddi3+0x3cc>
20001d20:	00e57e63          	bgeu	a0,a4,20001d3c <__umoddi3+0x3e0>
20001d24:	00f59c63          	bne	a1,a5,20001d3c <__umoddi3+0x3e0>
20001d28:	40c70633          	sub	a2,a4,a2
20001d2c:	00c736b3          	sltu	a3,a4,a2
20001d30:	006686b3          	add	a3,a3,t1
20001d34:	00060713          	mv	a4,a2
20001d38:	40d787b3          	sub	a5,a5,a3
20001d3c:	40e50733          	sub	a4,a0,a4
20001d40:	00e53533          	sltu	a0,a0,a4
20001d44:	40f585b3          	sub	a1,a1,a5
20001d48:	40a585b3          	sub	a1,a1,a0
20001d4c:	01059833          	sll	a6,a1,a6
20001d50:	01175733          	srl	a4,a4,a7
20001d54:	00e86533          	or	a0,a6,a4
20001d58:	0115d5b3          	srl	a1,a1,a7
20001d5c:	00008067          	ret
20001d60:	ffe68693          	addi	a3,a3,-2
20001d64:	006787b3          	add	a5,a5,t1
20001d68:	f1dff06f          	j	20001c84 <__umoddi3+0x328>
20001d6c:	ffe70713          	addi	a4,a4,-2
20001d70:	006585b3          	add	a1,a1,t1
20001d74:	f45ff06f          	j	20001cb8 <__umoddi3+0x35c>

20001d78 <srand>:
20001d78:	ff010113          	addi	sp,sp,-16
20001d7c:	200057b7          	lui	a5,0x20005
20001d80:	00812423          	sw	s0,8(sp)
20001d84:	dc47a403          	lw	s0,-572(a5) # 20004dc4 <_impure_ptr>
20001d88:	00912223          	sw	s1,4(sp)
20001d8c:	00050493          	mv	s1,a0
20001d90:	03042503          	lw	a0,48(s0)
20001d94:	00112623          	sw	ra,12(sp)
20001d98:	06051663          	bnez	a0,20001e04 <srand+0x8c>
20001d9c:	01800513          	li	a0,24
20001da0:	099000ef          	jal	20002638 <malloc>
20001da4:	02a42823          	sw	a0,48(s0)
20001da8:	02051063          	bnez	a0,20001dc8 <srand+0x50>
20001dac:	200056b7          	lui	a3,0x20005
20001db0:	20005537          	lui	a0,0x20005
20001db4:	bec68693          	addi	a3,a3,-1044 # 20004bec <__clz_tab+0x100>
20001db8:	00000613          	li	a2,0
20001dbc:	04600593          	li	a1,70
20001dc0:	c0450513          	addi	a0,a0,-1020 # 20004c04 <__clz_tab+0x118>
20001dc4:	710000ef          	jal	200024d4 <__assert_func>
20001dc8:	abcd37b7          	lui	a5,0xabcd3
20001dcc:	30e78793          	addi	a5,a5,782 # abcd330e <__stack_top+0x8bccd7f2>
20001dd0:	00f52023          	sw	a5,0(a0)
20001dd4:	e66d17b7          	lui	a5,0xe66d1
20001dd8:	23478793          	addi	a5,a5,564 # e66d1234 <__stack_top+0xc66cb718>
20001ddc:	00f52223          	sw	a5,4(a0)
20001de0:	0005e7b7          	lui	a5,0x5e
20001de4:	eec78793          	addi	a5,a5,-276 # 5deec <_start-0x1ffa2114>
20001de8:	00f52423          	sw	a5,8(a0)
20001dec:	00b00793          	li	a5,11
20001df0:	00f51623          	sh	a5,12(a0)
20001df4:	00100713          	li	a4,1
20001df8:	00000793          	li	a5,0
20001dfc:	00e52823          	sw	a4,16(a0)
20001e00:	00f52a23          	sw	a5,20(a0)
20001e04:	00c12083          	lw	ra,12(sp)
20001e08:	00812403          	lw	s0,8(sp)
20001e0c:	00952823          	sw	s1,16(a0)
20001e10:	00052a23          	sw	zero,20(a0)
20001e14:	00412483          	lw	s1,4(sp)
20001e18:	01010113          	addi	sp,sp,16
20001e1c:	00008067          	ret

20001e20 <rand>:
20001e20:	ff010113          	addi	sp,sp,-16
20001e24:	200057b7          	lui	a5,0x20005
20001e28:	00812423          	sw	s0,8(sp)
20001e2c:	dc47a403          	lw	s0,-572(a5) # 20004dc4 <_impure_ptr>
20001e30:	00112623          	sw	ra,12(sp)
20001e34:	03042503          	lw	a0,48(s0)
20001e38:	06051663          	bnez	a0,20001ea4 <rand+0x84>
20001e3c:	01800513          	li	a0,24
20001e40:	7f8000ef          	jal	20002638 <malloc>
20001e44:	02a42823          	sw	a0,48(s0)
20001e48:	02051063          	bnez	a0,20001e68 <rand+0x48>
20001e4c:	200056b7          	lui	a3,0x20005
20001e50:	20005537          	lui	a0,0x20005
20001e54:	bec68693          	addi	a3,a3,-1044 # 20004bec <__clz_tab+0x100>
20001e58:	00000613          	li	a2,0
20001e5c:	05200593          	li	a1,82
20001e60:	c0450513          	addi	a0,a0,-1020 # 20004c04 <__clz_tab+0x118>
20001e64:	670000ef          	jal	200024d4 <__assert_func>
20001e68:	abcd37b7          	lui	a5,0xabcd3
20001e6c:	30e78793          	addi	a5,a5,782 # abcd330e <__stack_top+0x8bccd7f2>
20001e70:	00f52023          	sw	a5,0(a0)
20001e74:	e66d17b7          	lui	a5,0xe66d1
20001e78:	23478793          	addi	a5,a5,564 # e66d1234 <__stack_top+0xc66cb718>
20001e7c:	00f52223          	sw	a5,4(a0)
20001e80:	0005e7b7          	lui	a5,0x5e
20001e84:	eec78793          	addi	a5,a5,-276 # 5deec <_start-0x1ffa2114>
20001e88:	00f52423          	sw	a5,8(a0)
20001e8c:	00b00793          	li	a5,11
20001e90:	00f51623          	sh	a5,12(a0)
20001e94:	00100713          	li	a4,1
20001e98:	00000793          	li	a5,0
20001e9c:	00e52823          	sw	a4,16(a0)
20001ea0:	00f52a23          	sw	a5,20(a0)
20001ea4:	01052683          	lw	a3,16(a0)
20001ea8:	01452703          	lw	a4,20(a0)
20001eac:	4c958637          	lui	a2,0x4c958
20001eb0:	5851f7b7          	lui	a5,0x5851f
20001eb4:	f2d60613          	addi	a2,a2,-211 # 4c957f2d <__stack_top+0x2c952411>
20001eb8:	42d78793          	addi	a5,a5,1069 # 5851f42d <__stack_top+0x38519911>
20001ebc:	02f687b3          	mul	a5,a3,a5
20001ec0:	00c12083          	lw	ra,12(sp)
20001ec4:	00812403          	lw	s0,8(sp)
20001ec8:	02c70733          	mul	a4,a4,a2
20001ecc:	00f70733          	add	a4,a4,a5
20001ed0:	02c687b3          	mul	a5,a3,a2
20001ed4:	02c6b6b3          	mulhu	a3,a3,a2
20001ed8:	00d70733          	add	a4,a4,a3
20001edc:	00178693          	addi	a3,a5,1
20001ee0:	00f6b7b3          	sltu	a5,a3,a5
20001ee4:	00e787b3          	add	a5,a5,a4
20001ee8:	00d52823          	sw	a3,16(a0)
20001eec:	00f52a23          	sw	a5,20(a0)
20001ef0:	00179513          	slli	a0,a5,0x1
20001ef4:	00155513          	srli	a0,a0,0x1
20001ef8:	01010113          	addi	sp,sp,16
20001efc:	00008067          	ret

20001f00 <_iprintf_r>:
20001f00:	fc010113          	addi	sp,sp,-64
20001f04:	02c12423          	sw	a2,40(sp)
20001f08:	02d12623          	sw	a3,44(sp)
20001f0c:	02e12823          	sw	a4,48(sp)
20001f10:	02f12a23          	sw	a5,52(sp)
20001f14:	03012c23          	sw	a6,56(sp)
20001f18:	03112e23          	sw	a7,60(sp)
20001f1c:	00058613          	mv	a2,a1
20001f20:	00852583          	lw	a1,8(a0)
20001f24:	02810693          	addi	a3,sp,40
20001f28:	00112e23          	sw	ra,28(sp)
20001f2c:	00d12623          	sw	a3,12(sp)
20001f30:	265000ef          	jal	20002994 <_vfiprintf_r>
20001f34:	01c12083          	lw	ra,28(sp)
20001f38:	04010113          	addi	sp,sp,64
20001f3c:	00008067          	ret

20001f40 <iprintf>:
20001f40:	fc010113          	addi	sp,sp,-64
20001f44:	02f12a23          	sw	a5,52(sp)
20001f48:	200057b7          	lui	a5,0x20005
20001f4c:	dc47a783          	lw	a5,-572(a5) # 20004dc4 <_impure_ptr>
20001f50:	02c12423          	sw	a2,40(sp)
20001f54:	02d12623          	sw	a3,44(sp)
20001f58:	02b12223          	sw	a1,36(sp)
20001f5c:	02e12823          	sw	a4,48(sp)
20001f60:	03012c23          	sw	a6,56(sp)
20001f64:	03112e23          	sw	a7,60(sp)
20001f68:	0087a583          	lw	a1,8(a5)
20001f6c:	02410693          	addi	a3,sp,36
20001f70:	00050613          	mv	a2,a0
20001f74:	00078513          	mv	a0,a5
20001f78:	00112e23          	sw	ra,28(sp)
20001f7c:	00d12623          	sw	a3,12(sp)
20001f80:	215000ef          	jal	20002994 <_vfiprintf_r>
20001f84:	01c12083          	lw	ra,28(sp)
20001f88:	04010113          	addi	sp,sp,64
20001f8c:	00008067          	ret

20001f90 <_puts_r>:
20001f90:	02052783          	lw	a5,32(a0)
20001f94:	fe010113          	addi	sp,sp,-32
20001f98:	00812c23          	sw	s0,24(sp)
20001f9c:	00912a23          	sw	s1,20(sp)
20001fa0:	01212823          	sw	s2,16(sp)
20001fa4:	00112e23          	sw	ra,28(sp)
20001fa8:	01312623          	sw	s3,12(sp)
20001fac:	00852403          	lw	s0,8(a0)
20001fb0:	00050493          	mv	s1,a0
20001fb4:	00058913          	mv	s2,a1
20001fb8:	00079463          	bnez	a5,20001fc0 <_puts_r+0x30>
20001fbc:	798010ef          	jal	20003754 <__sinit>
20001fc0:	00c45783          	lhu	a5,12(s0)
20001fc4:	0087f793          	andi	a5,a5,8
20001fc8:	00078663          	beqz	a5,20001fd4 <_puts_r+0x44>
20001fcc:	01042783          	lw	a5,16(s0)
20001fd0:	0a079463          	bnez	a5,20002078 <_puts_r+0xe8>
20001fd4:	00040593          	mv	a1,s0
20001fd8:	00048513          	mv	a0,s1
20001fdc:	3d0000ef          	jal	200023ac <__swsetup_r>
20001fe0:	08050c63          	beqz	a0,20002078 <_puts_r+0xe8>
20001fe4:	fff00513          	li	a0,-1
20001fe8:	01c12083          	lw	ra,28(sp)
20001fec:	01812403          	lw	s0,24(sp)
20001ff0:	01412483          	lw	s1,20(sp)
20001ff4:	01012903          	lw	s2,16(sp)
20001ff8:	00c12983          	lw	s3,12(sp)
20001ffc:	02010113          	addi	sp,sp,32
20002000:	00008067          	ret
20002004:	0007da63          	bgez	a5,20002018 <_puts_r+0x88>
20002008:	01842703          	lw	a4,24(s0)
2000200c:	04e7cc63          	blt	a5,a4,20002064 <_puts_r+0xd4>
20002010:	ff658793          	addi	a5,a1,-10
20002014:	04078863          	beqz	a5,20002064 <_puts_r+0xd4>
20002018:	00042783          	lw	a5,0(s0)
2000201c:	00178713          	addi	a4,a5,1
20002020:	00e42023          	sw	a4,0(s0)
20002024:	00b78023          	sb	a1,0(a5)
20002028:	00190913          	addi	s2,s2,1
2000202c:	00842783          	lw	a5,8(s0)
20002030:	00094583          	lbu	a1,0(s2)
20002034:	fff78793          	addi	a5,a5,-1
20002038:	00f42423          	sw	a5,8(s0)
2000203c:	fc0594e3          	bnez	a1,20002004 <_puts_r+0x74>
20002040:	0407d063          	bgez	a5,20002080 <_puts_r+0xf0>
20002044:	00040613          	mv	a2,s0
20002048:	00a00593          	li	a1,10
2000204c:	00048513          	mv	a0,s1
20002050:	24c000ef          	jal	2000229c <__swbuf_r>
20002054:	fff00793          	li	a5,-1
20002058:	f8f506e3          	beq	a0,a5,20001fe4 <_puts_r+0x54>
2000205c:	00a00513          	li	a0,10
20002060:	f89ff06f          	j	20001fe8 <_puts_r+0x58>
20002064:	00040613          	mv	a2,s0
20002068:	00048513          	mv	a0,s1
2000206c:	230000ef          	jal	2000229c <__swbuf_r>
20002070:	fb351ce3          	bne	a0,s3,20002028 <_puts_r+0x98>
20002074:	f71ff06f          	j	20001fe4 <_puts_r+0x54>
20002078:	fff00993          	li	s3,-1
2000207c:	fb1ff06f          	j	2000202c <_puts_r+0x9c>
20002080:	00042783          	lw	a5,0(s0)
20002084:	00178713          	addi	a4,a5,1
20002088:	00e42023          	sw	a4,0(s0)
2000208c:	00a00713          	li	a4,10
20002090:	00e78023          	sb	a4,0(a5)
20002094:	fc9ff06f          	j	2000205c <_puts_r+0xcc>

20002098 <puts>:
20002098:	200057b7          	lui	a5,0x20005
2000209c:	00050593          	mv	a1,a0
200020a0:	dc47a503          	lw	a0,-572(a5) # 20004dc4 <_impure_ptr>
200020a4:	eedff06f          	j	20001f90 <_puts_r>

200020a8 <setvbuf>:
200020a8:	fd010113          	addi	sp,sp,-48
200020ac:	200057b7          	lui	a5,0x20005
200020b0:	01312e23          	sw	s3,28(sp)
200020b4:	dc47a983          	lw	s3,-572(a5) # 20004dc4 <_impure_ptr>
200020b8:	02812423          	sw	s0,40(sp)
200020bc:	02912223          	sw	s1,36(sp)
200020c0:	03212023          	sw	s2,32(sp)
200020c4:	01412c23          	sw	s4,24(sp)
200020c8:	02112623          	sw	ra,44(sp)
200020cc:	01512a23          	sw	s5,20(sp)
200020d0:	00050413          	mv	s0,a0
200020d4:	00058913          	mv	s2,a1
200020d8:	00060a13          	mv	s4,a2
200020dc:	00068493          	mv	s1,a3
200020e0:	00098a63          	beqz	s3,200020f4 <setvbuf+0x4c>
200020e4:	0209a783          	lw	a5,32(s3)
200020e8:	00079663          	bnez	a5,200020f4 <setvbuf+0x4c>
200020ec:	00098513          	mv	a0,s3
200020f0:	664010ef          	jal	20003754 <__sinit>
200020f4:	00200793          	li	a5,2
200020f8:	00fa0863          	beq	s4,a5,20002108 <setvbuf+0x60>
200020fc:	002a3793          	sltiu	a5,s4,2
20002100:	18078a63          	beqz	a5,20002294 <setvbuf+0x1ec>
20002104:	1804c863          	bltz	s1,20002294 <setvbuf+0x1ec>
20002108:	00040593          	mv	a1,s0
2000210c:	00098513          	mv	a0,s3
20002110:	320010ef          	jal	20003430 <_fflush_r>
20002114:	03442583          	lw	a1,52(s0)
20002118:	00058c63          	beqz	a1,20002130 <setvbuf+0x88>
2000211c:	04440793          	addi	a5,s0,68
20002120:	00f58663          	beq	a1,a5,2000212c <setvbuf+0x84>
20002124:	00098513          	mv	a0,s3
20002128:	414000ef          	jal	2000253c <_free_r>
2000212c:	02042a23          	sw	zero,52(s0)
20002130:	00c45783          	lhu	a5,12(s0)
20002134:	00042c23          	sw	zero,24(s0)
20002138:	00042223          	sw	zero,4(s0)
2000213c:	0807f793          	andi	a5,a5,128
20002140:	00078863          	beqz	a5,20002150 <setvbuf+0xa8>
20002144:	01042583          	lw	a1,16(s0)
20002148:	00098513          	mv	a0,s3
2000214c:	3f0000ef          	jal	2000253c <_free_r>
20002150:	00c45783          	lhu	a5,12(s0)
20002154:	fffff737          	lui	a4,0xfffff
20002158:	35c70713          	addi	a4,a4,860 # fffff35c <__stack_top+0xdfff9840>
2000215c:	00e7f7b3          	and	a5,a5,a4
20002160:	00f41623          	sh	a5,12(s0)
20002164:	00200793          	li	a5,2
20002168:	10fa0a63          	beq	s4,a5,2000227c <setvbuf+0x1d4>
2000216c:	00c10693          	addi	a3,sp,12
20002170:	00810613          	addi	a2,sp,8
20002174:	00040593          	mv	a1,s0
20002178:	00098513          	mv	a0,s3
2000217c:	3bd010ef          	jal	20003d38 <__swhatbuf_r>
20002180:	00c45783          	lhu	a5,12(s0)
20002184:	00a7e7b3          	or	a5,a5,a0
20002188:	00f41623          	sh	a5,12(s0)
2000218c:	06049863          	bnez	s1,200021fc <setvbuf+0x154>
20002190:	00812483          	lw	s1,8(sp)
20002194:	00048513          	mv	a0,s1
20002198:	4a0000ef          	jal	20002638 <malloc>
2000219c:	00050913          	mv	s2,a0
200021a0:	00048a93          	mv	s5,s1
200021a4:	0c051263          	bnez	a0,20002268 <setvbuf+0x1c0>
200021a8:	00812a83          	lw	s5,8(sp)
200021ac:	0a9a9663          	bne	s5,s1,20002258 <setvbuf+0x1b0>
200021b0:	fff00513          	li	a0,-1
200021b4:	00c45783          	lhu	a5,12(s0)
200021b8:	00042423          	sw	zero,8(s0)
200021bc:	0027e793          	ori	a5,a5,2
200021c0:	00f41623          	sh	a5,12(s0)
200021c4:	04740793          	addi	a5,s0,71
200021c8:	00f42023          	sw	a5,0(s0)
200021cc:	00f42823          	sw	a5,16(s0)
200021d0:	00100793          	li	a5,1
200021d4:	00f42a23          	sw	a5,20(s0)
200021d8:	02c12083          	lw	ra,44(sp)
200021dc:	02812403          	lw	s0,40(sp)
200021e0:	02412483          	lw	s1,36(sp)
200021e4:	02012903          	lw	s2,32(sp)
200021e8:	01c12983          	lw	s3,28(sp)
200021ec:	01812a03          	lw	s4,24(sp)
200021f0:	01412a83          	lw	s5,20(sp)
200021f4:	03010113          	addi	sp,sp,48
200021f8:	00008067          	ret
200021fc:	f8090ce3          	beqz	s2,20002194 <setvbuf+0xec>
20002200:	0209a783          	lw	a5,32(s3)
20002204:	00079663          	bnez	a5,20002210 <setvbuf+0x168>
20002208:	00098513          	mv	a0,s3
2000220c:	548010ef          	jal	20003754 <__sinit>
20002210:	00100793          	li	a5,1
20002214:	00fa1863          	bne	s4,a5,20002224 <setvbuf+0x17c>
20002218:	00c45783          	lhu	a5,12(s0)
2000221c:	0147e7b3          	or	a5,a5,s4
20002220:	00f41623          	sh	a5,12(s0)
20002224:	00c41783          	lh	a5,12(s0)
20002228:	01242023          	sw	s2,0(s0)
2000222c:	01242823          	sw	s2,16(s0)
20002230:	00942a23          	sw	s1,20(s0)
20002234:	0087f713          	andi	a4,a5,8
20002238:	04070a63          	beqz	a4,2000228c <setvbuf+0x1e4>
2000223c:	0017f793          	andi	a5,a5,1
20002240:	04078263          	beqz	a5,20002284 <setvbuf+0x1dc>
20002244:	409004b3          	neg	s1,s1
20002248:	00042423          	sw	zero,8(s0)
2000224c:	00942c23          	sw	s1,24(s0)
20002250:	00000513          	li	a0,0
20002254:	f85ff06f          	j	200021d8 <setvbuf+0x130>
20002258:	000a8513          	mv	a0,s5
2000225c:	3dc000ef          	jal	20002638 <malloc>
20002260:	00050913          	mv	s2,a0
20002264:	f40506e3          	beqz	a0,200021b0 <setvbuf+0x108>
20002268:	00c45783          	lhu	a5,12(s0)
2000226c:	000a8493          	mv	s1,s5
20002270:	0807e793          	ori	a5,a5,128
20002274:	00f41623          	sh	a5,12(s0)
20002278:	f89ff06f          	j	20002200 <setvbuf+0x158>
2000227c:	00000513          	li	a0,0
20002280:	f35ff06f          	j	200021b4 <setvbuf+0x10c>
20002284:	00942423          	sw	s1,8(s0)
20002288:	fc9ff06f          	j	20002250 <setvbuf+0x1a8>
2000228c:	00042423          	sw	zero,8(s0)
20002290:	fc1ff06f          	j	20002250 <setvbuf+0x1a8>
20002294:	fff00513          	li	a0,-1
20002298:	f41ff06f          	j	200021d8 <setvbuf+0x130>

2000229c <__swbuf_r>:
2000229c:	fe010113          	addi	sp,sp,-32
200022a0:	00812c23          	sw	s0,24(sp)
200022a4:	00912a23          	sw	s1,20(sp)
200022a8:	01312623          	sw	s3,12(sp)
200022ac:	00112e23          	sw	ra,28(sp)
200022b0:	01212823          	sw	s2,16(sp)
200022b4:	00050493          	mv	s1,a0
200022b8:	00058993          	mv	s3,a1
200022bc:	00060413          	mv	s0,a2
200022c0:	00050863          	beqz	a0,200022d0 <__swbuf_r+0x34>
200022c4:	02052783          	lw	a5,32(a0)
200022c8:	00079463          	bnez	a5,200022d0 <__swbuf_r+0x34>
200022cc:	488010ef          	jal	20003754 <__sinit>
200022d0:	01842783          	lw	a5,24(s0)
200022d4:	00f42423          	sw	a5,8(s0)
200022d8:	00c45783          	lhu	a5,12(s0)
200022dc:	0087f793          	andi	a5,a5,8
200022e0:	00078663          	beqz	a5,200022ec <__swbuf_r+0x50>
200022e4:	01042783          	lw	a5,16(s0)
200022e8:	02079c63          	bnez	a5,20002320 <__swbuf_r+0x84>
200022ec:	00040593          	mv	a1,s0
200022f0:	00048513          	mv	a0,s1
200022f4:	0b8000ef          	jal	200023ac <__swsetup_r>
200022f8:	02050463          	beqz	a0,20002320 <__swbuf_r+0x84>
200022fc:	fff00913          	li	s2,-1
20002300:	01c12083          	lw	ra,28(sp)
20002304:	01812403          	lw	s0,24(sp)
20002308:	01412483          	lw	s1,20(sp)
2000230c:	00c12983          	lw	s3,12(sp)
20002310:	00090513          	mv	a0,s2
20002314:	01012903          	lw	s2,16(sp)
20002318:	02010113          	addi	sp,sp,32
2000231c:	00008067          	ret
20002320:	01042783          	lw	a5,16(s0)
20002324:	00042503          	lw	a0,0(s0)
20002328:	40f50533          	sub	a0,a0,a5
2000232c:	01442783          	lw	a5,20(s0)
20002330:	00f54a63          	blt	a0,a5,20002344 <__swbuf_r+0xa8>
20002334:	00040593          	mv	a1,s0
20002338:	00048513          	mv	a0,s1
2000233c:	0f4010ef          	jal	20003430 <_fflush_r>
20002340:	fa051ee3          	bnez	a0,200022fc <__swbuf_r+0x60>
20002344:	00842783          	lw	a5,8(s0)
20002348:	00150513          	addi	a0,a0,1
2000234c:	0ff9f913          	zext.b	s2,s3
20002350:	fff78793          	addi	a5,a5,-1
20002354:	00f42423          	sw	a5,8(s0)
20002358:	00042783          	lw	a5,0(s0)
2000235c:	00178713          	addi	a4,a5,1
20002360:	00e42023          	sw	a4,0(s0)
20002364:	01378023          	sb	s3,0(a5)
20002368:	01442783          	lw	a5,20(s0)
2000236c:	00a78c63          	beq	a5,a0,20002384 <__swbuf_r+0xe8>
20002370:	00c45783          	lhu	a5,12(s0)
20002374:	0017f793          	andi	a5,a5,1
20002378:	f80784e3          	beqz	a5,20002300 <__swbuf_r+0x64>
2000237c:	ff690793          	addi	a5,s2,-10
20002380:	f80790e3          	bnez	a5,20002300 <__swbuf_r+0x64>
20002384:	00040593          	mv	a1,s0
20002388:	00048513          	mv	a0,s1
2000238c:	0a4010ef          	jal	20003430 <_fflush_r>
20002390:	f60508e3          	beqz	a0,20002300 <__swbuf_r+0x64>
20002394:	f69ff06f          	j	200022fc <__swbuf_r+0x60>

20002398 <__swbuf>:
20002398:	200057b7          	lui	a5,0x20005
2000239c:	00058613          	mv	a2,a1
200023a0:	00050593          	mv	a1,a0
200023a4:	dc47a503          	lw	a0,-572(a5) # 20004dc4 <_impure_ptr>
200023a8:	ef5ff06f          	j	2000229c <__swbuf_r>

200023ac <__swsetup_r>:
200023ac:	ff010113          	addi	sp,sp,-16
200023b0:	200057b7          	lui	a5,0x20005
200023b4:	00912223          	sw	s1,4(sp)
200023b8:	00050493          	mv	s1,a0
200023bc:	dc47a503          	lw	a0,-572(a5) # 20004dc4 <_impure_ptr>
200023c0:	00812423          	sw	s0,8(sp)
200023c4:	00112623          	sw	ra,12(sp)
200023c8:	00058413          	mv	s0,a1
200023cc:	00050863          	beqz	a0,200023dc <__swsetup_r+0x30>
200023d0:	02052783          	lw	a5,32(a0)
200023d4:	00079463          	bnez	a5,200023dc <__swsetup_r+0x30>
200023d8:	37c010ef          	jal	20003754 <__sinit>
200023dc:	00c41783          	lh	a5,12(s0)
200023e0:	0087f713          	andi	a4,a5,8
200023e4:	06071263          	bnez	a4,20002448 <__swsetup_r+0x9c>
200023e8:	0107f713          	andi	a4,a5,16
200023ec:	00071e63          	bnez	a4,20002408 <__swsetup_r+0x5c>
200023f0:	00900713          	li	a4,9
200023f4:	00e4a023          	sw	a4,0(s1)
200023f8:	0407e793          	ori	a5,a5,64
200023fc:	00f41623          	sh	a5,12(s0)
20002400:	fff00513          	li	a0,-1
20002404:	0980006f          	j	2000249c <__swsetup_r+0xf0>
20002408:	0047f713          	andi	a4,a5,4
2000240c:	02070a63          	beqz	a4,20002440 <__swsetup_r+0x94>
20002410:	03442583          	lw	a1,52(s0)
20002414:	00058c63          	beqz	a1,2000242c <__swsetup_r+0x80>
20002418:	04440793          	addi	a5,s0,68
2000241c:	00f58663          	beq	a1,a5,20002428 <__swsetup_r+0x7c>
20002420:	00048513          	mv	a0,s1
20002424:	118000ef          	jal	2000253c <_free_r>
20002428:	02042a23          	sw	zero,52(s0)
2000242c:	00c45783          	lhu	a5,12(s0)
20002430:	01042703          	lw	a4,16(s0)
20002434:	00042223          	sw	zero,4(s0)
20002438:	fdb7f793          	andi	a5,a5,-37
2000243c:	00e42023          	sw	a4,0(s0)
20002440:	0087e793          	ori	a5,a5,8
20002444:	00f41623          	sh	a5,12(s0)
20002448:	01042783          	lw	a5,16(s0)
2000244c:	02079063          	bnez	a5,2000246c <__swsetup_r+0xc0>
20002450:	00c42783          	lw	a5,12(s0)
20002454:	20000713          	li	a4,512
20002458:	2807f793          	andi	a5,a5,640
2000245c:	00e78863          	beq	a5,a4,2000246c <__swsetup_r+0xc0>
20002460:	00040593          	mv	a1,s0
20002464:	00048513          	mv	a0,s1
20002468:	15d010ef          	jal	20003dc4 <__smakebuf_r>
2000246c:	00c41783          	lh	a5,12(s0)
20002470:	0017f713          	andi	a4,a5,1
20002474:	02070e63          	beqz	a4,200024b0 <__swsetup_r+0x104>
20002478:	01442703          	lw	a4,20(s0)
2000247c:	00042423          	sw	zero,8(s0)
20002480:	40e00733          	neg	a4,a4
20002484:	00e42c23          	sw	a4,24(s0)
20002488:	01042703          	lw	a4,16(s0)
2000248c:	00000513          	li	a0,0
20002490:	00071663          	bnez	a4,2000249c <__swsetup_r+0xf0>
20002494:	0807f713          	andi	a4,a5,128
20002498:	f60710e3          	bnez	a4,200023f8 <__swsetup_r+0x4c>
2000249c:	00c12083          	lw	ra,12(sp)
200024a0:	00812403          	lw	s0,8(sp)
200024a4:	00412483          	lw	s1,4(sp)
200024a8:	01010113          	addi	sp,sp,16
200024ac:	00008067          	ret
200024b0:	0027f713          	andi	a4,a5,2
200024b4:	00000693          	li	a3,0
200024b8:	00071463          	bnez	a4,200024c0 <__swsetup_r+0x114>
200024bc:	01442683          	lw	a3,20(s0)
200024c0:	00d42423          	sw	a3,8(s0)
200024c4:	fc5ff06f          	j	20002488 <__swsetup_r+0xdc>

200024c8 <__errno>:
200024c8:	200057b7          	lui	a5,0x20005
200024cc:	dc47a503          	lw	a0,-572(a5) # 20004dc4 <_impure_ptr>
200024d0:	00008067          	ret

200024d4 <__assert_func>:
200024d4:	200057b7          	lui	a5,0x20005
200024d8:	dc47a783          	lw	a5,-572(a5) # 20004dc4 <_impure_ptr>
200024dc:	ff010113          	addi	sp,sp,-16
200024e0:	00060813          	mv	a6,a2
200024e4:	00112623          	sw	ra,12(sp)
200024e8:	00050893          	mv	a7,a0
200024ec:	00058713          	mv	a4,a1
200024f0:	00c7a503          	lw	a0,12(a5)
200024f4:	00068613          	mv	a2,a3
200024f8:	02080063          	beqz	a6,20002518 <__assert_func+0x44>
200024fc:	200057b7          	lui	a5,0x20005
20002500:	c4878793          	addi	a5,a5,-952 # 20004c48 <__clz_tab+0x15c>
20002504:	200055b7          	lui	a1,0x20005
20002508:	00088693          	mv	a3,a7
2000250c:	c5858593          	addi	a1,a1,-936 # 20004c58 <__clz_tab+0x16c>
20002510:	2d8010ef          	jal	200037e8 <fiprintf>
20002514:	705010ef          	jal	20004418 <abort>
20002518:	200057b7          	lui	a5,0x20005
2000251c:	c5478793          	addi	a5,a5,-940 # 20004c54 <__clz_tab+0x168>
20002520:	00078813          	mv	a6,a5
20002524:	fe1ff06f          	j	20002504 <__assert_func+0x30>

20002528 <__assert>:
20002528:	ff010113          	addi	sp,sp,-16
2000252c:	00060693          	mv	a3,a2
20002530:	00000613          	li	a2,0
20002534:	00112623          	sw	ra,12(sp)
20002538:	f9dff0ef          	jal	200024d4 <__assert_func>

2000253c <_free_r>:
2000253c:	0e058c63          	beqz	a1,20002634 <_free_r+0xf8>
20002540:	ffc5a783          	lw	a5,-4(a1)
20002544:	fe010113          	addi	sp,sp,-32
20002548:	00812c23          	sw	s0,24(sp)
2000254c:	00112e23          	sw	ra,28(sp)
20002550:	ffc58413          	addi	s0,a1,-4
20002554:	0007d463          	bgez	a5,2000255c <_free_r+0x20>
20002558:	00f40433          	add	s0,s0,a5
2000255c:	00a12623          	sw	a0,12(sp)
20002560:	340000ef          	jal	200028a0 <__malloc_lock>
20002564:	20005737          	lui	a4,0x20005
20002568:	f1072783          	lw	a5,-240(a4) # 20004f10 <__malloc_free_list>
2000256c:	00c12503          	lw	a0,12(sp)
20002570:	00079e63          	bnez	a5,2000258c <_free_r+0x50>
20002574:	00042223          	sw	zero,4(s0)
20002578:	f0872823          	sw	s0,-240(a4)
2000257c:	01812403          	lw	s0,24(sp)
20002580:	01c12083          	lw	ra,28(sp)
20002584:	02010113          	addi	sp,sp,32
20002588:	31c0006f          	j	200028a4 <__malloc_unlock>
2000258c:	02f47463          	bgeu	s0,a5,200025b4 <_free_r+0x78>
20002590:	00042603          	lw	a2,0(s0)
20002594:	00c406b3          	add	a3,s0,a2
20002598:	00d79a63          	bne	a5,a3,200025ac <_free_r+0x70>
2000259c:	0007a683          	lw	a3,0(a5)
200025a0:	0047a783          	lw	a5,4(a5)
200025a4:	00c686b3          	add	a3,a3,a2
200025a8:	00d42023          	sw	a3,0(s0)
200025ac:	00f42223          	sw	a5,4(s0)
200025b0:	fc9ff06f          	j	20002578 <_free_r+0x3c>
200025b4:	00078713          	mv	a4,a5
200025b8:	0047a783          	lw	a5,4(a5)
200025bc:	00078463          	beqz	a5,200025c4 <_free_r+0x88>
200025c0:	fef47ae3          	bgeu	s0,a5,200025b4 <_free_r+0x78>
200025c4:	00072683          	lw	a3,0(a4)
200025c8:	00d70633          	add	a2,a4,a3
200025cc:	02861863          	bne	a2,s0,200025fc <_free_r+0xc0>
200025d0:	00042603          	lw	a2,0(s0)
200025d4:	00c686b3          	add	a3,a3,a2
200025d8:	00d72023          	sw	a3,0(a4)
200025dc:	00d70633          	add	a2,a4,a3
200025e0:	f8c79ee3          	bne	a5,a2,2000257c <_free_r+0x40>
200025e4:	0007a603          	lw	a2,0(a5)
200025e8:	0047a783          	lw	a5,4(a5)
200025ec:	00d606b3          	add	a3,a2,a3
200025f0:	00d72023          	sw	a3,0(a4)
200025f4:	00f72223          	sw	a5,4(a4)
200025f8:	f85ff06f          	j	2000257c <_free_r+0x40>
200025fc:	00c47863          	bgeu	s0,a2,2000260c <_free_r+0xd0>
20002600:	00c00793          	li	a5,12
20002604:	00f52023          	sw	a5,0(a0)
20002608:	f75ff06f          	j	2000257c <_free_r+0x40>
2000260c:	00042603          	lw	a2,0(s0)
20002610:	00c406b3          	add	a3,s0,a2
20002614:	00d79a63          	bne	a5,a3,20002628 <_free_r+0xec>
20002618:	0007a683          	lw	a3,0(a5)
2000261c:	0047a783          	lw	a5,4(a5)
20002620:	00c686b3          	add	a3,a3,a2
20002624:	00d42023          	sw	a3,0(s0)
20002628:	00f42223          	sw	a5,4(s0)
2000262c:	00872223          	sw	s0,4(a4)
20002630:	f4dff06f          	j	2000257c <_free_r+0x40>
20002634:	00008067          	ret

20002638 <malloc>:
20002638:	200057b7          	lui	a5,0x20005
2000263c:	00050593          	mv	a1,a0
20002640:	dc47a503          	lw	a0,-572(a5) # 20004dc4 <_impure_ptr>
20002644:	09c0006f          	j	200026e0 <_malloc_r>

20002648 <free>:
20002648:	200057b7          	lui	a5,0x20005
2000264c:	00050593          	mv	a1,a0
20002650:	dc47a503          	lw	a0,-572(a5) # 20004dc4 <_impure_ptr>
20002654:	ee9ff06f          	j	2000253c <_free_r>

20002658 <sbrk_aligned>:
20002658:	ff010113          	addi	sp,sp,-16
2000265c:	00812423          	sw	s0,8(sp)
20002660:	20005437          	lui	s0,0x20005
20002664:	f0c42783          	lw	a5,-244(s0) # 20004f0c <__malloc_sbrk_start>
20002668:	00912223          	sw	s1,4(sp)
2000266c:	01212023          	sw	s2,0(sp)
20002670:	00112623          	sw	ra,12(sp)
20002674:	00050913          	mv	s2,a0
20002678:	00058493          	mv	s1,a1
2000267c:	00079863          	bnez	a5,2000268c <sbrk_aligned+0x34>
20002680:	00000593          	li	a1,0
20002684:	479010ef          	jal	200042fc <_sbrk_r>
20002688:	f0a42623          	sw	a0,-244(s0)
2000268c:	00048593          	mv	a1,s1
20002690:	00090513          	mv	a0,s2
20002694:	469010ef          	jal	200042fc <_sbrk_r>
20002698:	fff00493          	li	s1,-1
2000269c:	02951263          	bne	a0,s1,200026c0 <sbrk_aligned+0x68>
200026a0:	fff00413          	li	s0,-1
200026a4:	00c12083          	lw	ra,12(sp)
200026a8:	00040513          	mv	a0,s0
200026ac:	00812403          	lw	s0,8(sp)
200026b0:	00412483          	lw	s1,4(sp)
200026b4:	00012903          	lw	s2,0(sp)
200026b8:	01010113          	addi	sp,sp,16
200026bc:	00008067          	ret
200026c0:	00350413          	addi	s0,a0,3
200026c4:	ffc47413          	andi	s0,s0,-4
200026c8:	fc850ee3          	beq	a0,s0,200026a4 <sbrk_aligned+0x4c>
200026cc:	40a405b3          	sub	a1,s0,a0
200026d0:	00090513          	mv	a0,s2
200026d4:	429010ef          	jal	200042fc <_sbrk_r>
200026d8:	fc9516e3          	bne	a0,s1,200026a4 <sbrk_aligned+0x4c>
200026dc:	fc5ff06f          	j	200026a0 <sbrk_aligned+0x48>

200026e0 <_malloc_r>:
200026e0:	fe010113          	addi	sp,sp,-32
200026e4:	00912a23          	sw	s1,20(sp)
200026e8:	00358493          	addi	s1,a1,3
200026ec:	ffc4f493          	andi	s1,s1,-4
200026f0:	00112e23          	sw	ra,28(sp)
200026f4:	00812c23          	sw	s0,24(sp)
200026f8:	01212823          	sw	s2,16(sp)
200026fc:	01312623          	sw	s3,12(sp)
20002700:	01412423          	sw	s4,8(sp)
20002704:	00848493          	addi	s1,s1,8
20002708:	00c00793          	li	a5,12
2000270c:	00f4f463          	bgeu	s1,a5,20002714 <_malloc_r+0x34>
20002710:	00078493          	mv	s1,a5
20002714:	0004c463          	bltz	s1,2000271c <_malloc_r+0x3c>
20002718:	02b4f863          	bgeu	s1,a1,20002748 <_malloc_r+0x68>
2000271c:	00c00793          	li	a5,12
20002720:	00f52023          	sw	a5,0(a0)
20002724:	00000513          	li	a0,0
20002728:	01c12083          	lw	ra,28(sp)
2000272c:	01812403          	lw	s0,24(sp)
20002730:	01412483          	lw	s1,20(sp)
20002734:	01012903          	lw	s2,16(sp)
20002738:	00c12983          	lw	s3,12(sp)
2000273c:	00812a03          	lw	s4,8(sp)
20002740:	02010113          	addi	sp,sp,32
20002744:	00008067          	ret
20002748:	00050913          	mv	s2,a0
2000274c:	200059b7          	lui	s3,0x20005
20002750:	150000ef          	jal	200028a0 <__malloc_lock>
20002754:	f109a783          	lw	a5,-240(s3) # 20004f10 <__malloc_free_list>
20002758:	00078413          	mv	s0,a5
2000275c:	08041063          	bnez	s0,200027dc <_malloc_r+0xfc>
20002760:	00048593          	mv	a1,s1
20002764:	00090513          	mv	a0,s2
20002768:	ef1ff0ef          	jal	20002658 <sbrk_aligned>
2000276c:	fff00793          	li	a5,-1
20002770:	00050413          	mv	s0,a0
20002774:	12f51263          	bne	a0,a5,20002898 <_malloc_r+0x1b8>
20002778:	f109a403          	lw	s0,-240(s3)
2000277c:	00040793          	mv	a5,s0
20002780:	0e079263          	bnez	a5,20002864 <_malloc_r+0x184>
20002784:	10040063          	beqz	s0,20002884 <_malloc_r+0x1a4>
20002788:	00042a03          	lw	s4,0(s0)
2000278c:	00000593          	li	a1,0
20002790:	00090513          	mv	a0,s2
20002794:	01440a33          	add	s4,s0,s4
20002798:	365010ef          	jal	200042fc <_sbrk_r>
2000279c:	0eaa1463          	bne	s4,a0,20002884 <_malloc_r+0x1a4>
200027a0:	00042783          	lw	a5,0(s0)
200027a4:	00090513          	mv	a0,s2
200027a8:	40f484b3          	sub	s1,s1,a5
200027ac:	00048593          	mv	a1,s1
200027b0:	ea9ff0ef          	jal	20002658 <sbrk_aligned>
200027b4:	fff00793          	li	a5,-1
200027b8:	0cf50663          	beq	a0,a5,20002884 <_malloc_r+0x1a4>
200027bc:	00042783          	lw	a5,0(s0)
200027c0:	009787b3          	add	a5,a5,s1
200027c4:	00f42023          	sw	a5,0(s0)
200027c8:	f109a783          	lw	a5,-240(s3)
200027cc:	0047a703          	lw	a4,4(a5)
200027d0:	0a071063          	bnez	a4,20002870 <_malloc_r+0x190>
200027d4:	f009a823          	sw	zero,-240(s3)
200027d8:	0340006f          	j	2000280c <_malloc_r+0x12c>
200027dc:	00042683          	lw	a3,0(s0)
200027e0:	409686b3          	sub	a3,a3,s1
200027e4:	0606ca63          	bltz	a3,20002858 <_malloc_r+0x178>
200027e8:	00b00713          	li	a4,11
200027ec:	04d77a63          	bgeu	a4,a3,20002840 <_malloc_r+0x160>
200027f0:	00942023          	sw	s1,0(s0)
200027f4:	00940733          	add	a4,s0,s1
200027f8:	04879063          	bne	a5,s0,20002838 <_malloc_r+0x158>
200027fc:	f0e9a823          	sw	a4,-240(s3)
20002800:	00442783          	lw	a5,4(s0)
20002804:	00d72023          	sw	a3,0(a4)
20002808:	00f72223          	sw	a5,4(a4)
2000280c:	00090513          	mv	a0,s2
20002810:	094000ef          	jal	200028a4 <__malloc_unlock>
20002814:	00b40513          	addi	a0,s0,11
20002818:	00440793          	addi	a5,s0,4
2000281c:	ff857513          	andi	a0,a0,-8
20002820:	40f50733          	sub	a4,a0,a5
20002824:	f0f502e3          	beq	a0,a5,20002728 <_malloc_r+0x48>
20002828:	00e40433          	add	s0,s0,a4
2000282c:	40a787b3          	sub	a5,a5,a0
20002830:	00f42023          	sw	a5,0(s0)
20002834:	ef5ff06f          	j	20002728 <_malloc_r+0x48>
20002838:	00e7a223          	sw	a4,4(a5)
2000283c:	fc5ff06f          	j	20002800 <_malloc_r+0x120>
20002840:	00442703          	lw	a4,4(s0)
20002844:	00879663          	bne	a5,s0,20002850 <_malloc_r+0x170>
20002848:	f0e9a823          	sw	a4,-240(s3)
2000284c:	fc1ff06f          	j	2000280c <_malloc_r+0x12c>
20002850:	00e7a223          	sw	a4,4(a5)
20002854:	fb9ff06f          	j	2000280c <_malloc_r+0x12c>
20002858:	00040793          	mv	a5,s0
2000285c:	00442403          	lw	s0,4(s0)
20002860:	efdff06f          	j	2000275c <_malloc_r+0x7c>
20002864:	00078413          	mv	s0,a5
20002868:	0047a783          	lw	a5,4(a5)
2000286c:	f15ff06f          	j	20002780 <_malloc_r+0xa0>
20002870:	00078713          	mv	a4,a5
20002874:	0047a783          	lw	a5,4(a5)
20002878:	fe879ce3          	bne	a5,s0,20002870 <_malloc_r+0x190>
2000287c:	00072223          	sw	zero,4(a4)
20002880:	f8dff06f          	j	2000280c <_malloc_r+0x12c>
20002884:	00c00793          	li	a5,12
20002888:	00f92023          	sw	a5,0(s2)
2000288c:	00090513          	mv	a0,s2
20002890:	014000ef          	jal	200028a4 <__malloc_unlock>
20002894:	e91ff06f          	j	20002724 <_malloc_r+0x44>
20002898:	00952023          	sw	s1,0(a0)
2000289c:	f71ff06f          	j	2000280c <_malloc_r+0x12c>

200028a0 <__malloc_lock>:
200028a0:	00008067          	ret

200028a4 <__malloc_unlock>:
200028a4:	00008067          	ret

200028a8 <__sfputc_r>:
200028a8:	00862783          	lw	a5,8(a2)
200028ac:	fff78793          	addi	a5,a5,-1
200028b0:	00f62423          	sw	a5,8(a2)
200028b4:	0007dc63          	bgez	a5,200028cc <__sfputc_r+0x24>
200028b8:	01862703          	lw	a4,24(a2)
200028bc:	00e7c663          	blt	a5,a4,200028c8 <__sfputc_r+0x20>
200028c0:	ff658793          	addi	a5,a1,-10
200028c4:	00079463          	bnez	a5,200028cc <__sfputc_r+0x24>
200028c8:	9d5ff06f          	j	2000229c <__swbuf_r>
200028cc:	00062783          	lw	a5,0(a2)
200028d0:	00058513          	mv	a0,a1
200028d4:	00178713          	addi	a4,a5,1
200028d8:	00e62023          	sw	a4,0(a2)
200028dc:	00b78023          	sb	a1,0(a5)
200028e0:	00008067          	ret

200028e4 <__sfputs_r>:
200028e4:	fe010113          	addi	sp,sp,-32
200028e8:	00812c23          	sw	s0,24(sp)
200028ec:	00912a23          	sw	s1,20(sp)
200028f0:	01212823          	sw	s2,16(sp)
200028f4:	01312623          	sw	s3,12(sp)
200028f8:	01412423          	sw	s4,8(sp)
200028fc:	00112e23          	sw	ra,28(sp)
20002900:	00050993          	mv	s3,a0
20002904:	00058a13          	mv	s4,a1
20002908:	00060413          	mv	s0,a2
2000290c:	00d604b3          	add	s1,a2,a3
20002910:	fff00913          	li	s2,-1
20002914:	00941663          	bne	s0,s1,20002920 <__sfputs_r+0x3c>
20002918:	00000513          	li	a0,0
2000291c:	01c0006f          	j	20002938 <__sfputs_r+0x54>
20002920:	00044583          	lbu	a1,0(s0)
20002924:	000a0613          	mv	a2,s4
20002928:	00098513          	mv	a0,s3
2000292c:	f7dff0ef          	jal	200028a8 <__sfputc_r>
20002930:	00140413          	addi	s0,s0,1
20002934:	ff2510e3          	bne	a0,s2,20002914 <__sfputs_r+0x30>
20002938:	01c12083          	lw	ra,28(sp)
2000293c:	01812403          	lw	s0,24(sp)
20002940:	01412483          	lw	s1,20(sp)
20002944:	01012903          	lw	s2,16(sp)
20002948:	00c12983          	lw	s3,12(sp)
2000294c:	00812a03          	lw	s4,8(sp)
20002950:	02010113          	addi	sp,sp,32
20002954:	00008067          	ret

20002958 <__sprint_r>:
20002958:	00862783          	lw	a5,8(a2)
2000295c:	ff010113          	addi	sp,sp,-16
20002960:	00812423          	sw	s0,8(sp)
20002964:	00112623          	sw	ra,12(sp)
20002968:	00060413          	mv	s0,a2
2000296c:	02078063          	beqz	a5,2000298c <__sprint_r+0x34>
20002970:	6c1000ef          	jal	20003830 <__sfvwrite_r>
20002974:	00042423          	sw	zero,8(s0)
20002978:	00c12083          	lw	ra,12(sp)
2000297c:	00042223          	sw	zero,4(s0)
20002980:	00812403          	lw	s0,8(sp)
20002984:	01010113          	addi	sp,sp,16
20002988:	00008067          	ret
2000298c:	00000513          	li	a0,0
20002990:	fe9ff06f          	j	20002978 <__sprint_r+0x20>

20002994 <_vfiprintf_r>:
20002994:	f5010113          	addi	sp,sp,-176
20002998:	0a812423          	sw	s0,168(sp)
2000299c:	0a912223          	sw	s1,164(sp)
200029a0:	09312e23          	sw	s3,156(sp)
200029a4:	09412c23          	sw	s4,152(sp)
200029a8:	0a112623          	sw	ra,172(sp)
200029ac:	0b212023          	sw	s2,160(sp)
200029b0:	09512a23          	sw	s5,148(sp)
200029b4:	09612823          	sw	s6,144(sp)
200029b8:	09712623          	sw	s7,140(sp)
200029bc:	09812423          	sw	s8,136(sp)
200029c0:	09912223          	sw	s9,132(sp)
200029c4:	00050993          	mv	s3,a0
200029c8:	00058493          	mv	s1,a1
200029cc:	00060413          	mv	s0,a2
200029d0:	00068a13          	mv	s4,a3
200029d4:	00050863          	beqz	a0,200029e4 <_vfiprintf_r+0x50>
200029d8:	02052783          	lw	a5,32(a0)
200029dc:	00079463          	bnez	a5,200029e4 <_vfiprintf_r+0x50>
200029e0:	575000ef          	jal	20003754 <__sinit>
200029e4:	00c4d783          	lhu	a5,12(s1)
200029e8:	0087f793          	andi	a5,a5,8
200029ec:	10078a63          	beqz	a5,20002b00 <_vfiprintf_r+0x16c>
200029f0:	0104a783          	lw	a5,16(s1)
200029f4:	10078663          	beqz	a5,20002b00 <_vfiprintf_r+0x16c>
200029f8:	02000793          	li	a5,32
200029fc:	02f10ca3          	sb	a5,57(sp)
20002a00:	01412e23          	sw	s4,28(sp)
20002a04:	03000793          	li	a5,48
20002a08:	20005a37          	lui	s4,0x20005
20002a0c:	02012a23          	sw	zero,52(sp)
20002a10:	02f10d23          	sb	a5,58(sp)
20002a14:	fff00a93          	li	s5,-1
20002a18:	c88a0a13          	addi	s4,s4,-888 # 20004c88 <__clz_tab+0x19c>
20002a1c:	00100b93          	li	s7,1
20002a20:	00a00b13          	li	s6,10
20002a24:	00040c13          	mv	s8,s0
20002a28:	000c4783          	lbu	a5,0(s8)
20002a2c:	00f03cb3          	snez	s9,a5
20002a30:	fdb78793          	addi	a5,a5,-37
20002a34:	00f037b3          	snez	a5,a5
20002a38:	00fcfcb3          	and	s9,s9,a5
20002a3c:	100c9663          	bnez	s9,20002b48 <_vfiprintf_r+0x1b4>
20002a40:	408c06b3          	sub	a3,s8,s0
20002a44:	028c0663          	beq	s8,s0,20002a70 <_vfiprintf_r+0xdc>
20002a48:	00040613          	mv	a2,s0
20002a4c:	00048593          	mv	a1,s1
20002a50:	00098513          	mv	a0,s3
20002a54:	00d12623          	sw	a3,12(sp)
20002a58:	e8dff0ef          	jal	200028e4 <__sfputs_r>
20002a5c:	29550063          	beq	a0,s5,20002cdc <_vfiprintf_r+0x348>
20002a60:	03412783          	lw	a5,52(sp)
20002a64:	00c12683          	lw	a3,12(sp)
20002a68:	00d787b3          	add	a5,a5,a3
20002a6c:	02f12a23          	sw	a5,52(sp)
20002a70:	000c4783          	lbu	a5,0(s8)
20002a74:	26078463          	beqz	a5,20002cdc <_vfiprintf_r+0x348>
20002a78:	001c0413          	addi	s0,s8,1
20002a7c:	02012023          	sw	zero,32(sp)
20002a80:	02012623          	sw	zero,44(sp)
20002a84:	03512223          	sw	s5,36(sp)
20002a88:	02012423          	sw	zero,40(sp)
20002a8c:	060101a3          	sb	zero,99(sp)
20002a90:	06012c23          	sw	zero,120(sp)
20002a94:	00044583          	lbu	a1,0(s0)
20002a98:	00500613          	li	a2,5
20002a9c:	000a0513          	mv	a0,s4
20002aa0:	52c010ef          	jal	20003fcc <memchr>
20002aa4:	02012783          	lw	a5,32(sp)
20002aa8:	00140693          	addi	a3,s0,1
20002aac:	0a051263          	bnez	a0,20002b50 <_vfiprintf_r+0x1bc>
20002ab0:	0107f713          	andi	a4,a5,16
20002ab4:	00070663          	beqz	a4,20002ac0 <_vfiprintf_r+0x12c>
20002ab8:	02000713          	li	a4,32
20002abc:	06e101a3          	sb	a4,99(sp)
20002ac0:	0087f713          	andi	a4,a5,8
20002ac4:	00070663          	beqz	a4,20002ad0 <_vfiprintf_r+0x13c>
20002ac8:	02b00713          	li	a4,43
20002acc:	06e101a3          	sb	a4,99(sp)
20002ad0:	00044603          	lbu	a2,0(s0)
20002ad4:	02a00713          	li	a4,42
20002ad8:	08e60863          	beq	a2,a4,20002b68 <_vfiprintf_r+0x1d4>
20002adc:	02c12783          	lw	a5,44(sp)
20002ae0:	00000693          	li	a3,0
20002ae4:	00900613          	li	a2,9
20002ae8:	00044703          	lbu	a4,0(s0)
20002aec:	fd070713          	addi	a4,a4,-48
20002af0:	0ee67263          	bgeu	a2,a4,20002bd4 <_vfiprintf_r+0x240>
20002af4:	08068863          	beqz	a3,20002b84 <_vfiprintf_r+0x1f0>
20002af8:	02f12623          	sw	a5,44(sp)
20002afc:	0880006f          	j	20002b84 <_vfiprintf_r+0x1f0>
20002b00:	00048593          	mv	a1,s1
20002b04:	00098513          	mv	a0,s3
20002b08:	8a5ff0ef          	jal	200023ac <__swsetup_r>
20002b0c:	ee0506e3          	beqz	a0,200029f8 <_vfiprintf_r+0x64>
20002b10:	fff00513          	li	a0,-1
20002b14:	0ac12083          	lw	ra,172(sp)
20002b18:	0a812403          	lw	s0,168(sp)
20002b1c:	0a412483          	lw	s1,164(sp)
20002b20:	0a012903          	lw	s2,160(sp)
20002b24:	09c12983          	lw	s3,156(sp)
20002b28:	09812a03          	lw	s4,152(sp)
20002b2c:	09412a83          	lw	s5,148(sp)
20002b30:	09012b03          	lw	s6,144(sp)
20002b34:	08c12b83          	lw	s7,140(sp)
20002b38:	08812c03          	lw	s8,136(sp)
20002b3c:	08412c83          	lw	s9,132(sp)
20002b40:	0b010113          	addi	sp,sp,176
20002b44:	00008067          	ret
20002b48:	001c0c13          	addi	s8,s8,1
20002b4c:	eddff06f          	j	20002a28 <_vfiprintf_r+0x94>
20002b50:	41450533          	sub	a0,a0,s4
20002b54:	00ab9533          	sll	a0,s7,a0
20002b58:	00f56533          	or	a0,a0,a5
20002b5c:	02a12023          	sw	a0,32(sp)
20002b60:	00068413          	mv	s0,a3
20002b64:	f31ff06f          	j	20002a94 <_vfiprintf_r+0x100>
20002b68:	01c12703          	lw	a4,28(sp)
20002b6c:	00470613          	addi	a2,a4,4
20002b70:	00072703          	lw	a4,0(a4)
20002b74:	00c12e23          	sw	a2,28(sp)
20002b78:	04074463          	bltz	a4,20002bc0 <_vfiprintf_r+0x22c>
20002b7c:	02e12623          	sw	a4,44(sp)
20002b80:	00068413          	mv	s0,a3
20002b84:	00044703          	lbu	a4,0(s0)
20002b88:	02e00793          	li	a5,46
20002b8c:	06f71e63          	bne	a4,a5,20002c08 <_vfiprintf_r+0x274>
20002b90:	00144703          	lbu	a4,1(s0)
20002b94:	02a00793          	li	a5,42
20002b98:	04f71863          	bne	a4,a5,20002be8 <_vfiprintf_r+0x254>
20002b9c:	01c12783          	lw	a5,28(sp)
20002ba0:	00240413          	addi	s0,s0,2
20002ba4:	00478713          	addi	a4,a5,4
20002ba8:	0007a783          	lw	a5,0(a5)
20002bac:	00e12e23          	sw	a4,28(sp)
20002bb0:	0007d463          	bgez	a5,20002bb8 <_vfiprintf_r+0x224>
20002bb4:	fff00793          	li	a5,-1
20002bb8:	02f12223          	sw	a5,36(sp)
20002bbc:	04c0006f          	j	20002c08 <_vfiprintf_r+0x274>
20002bc0:	40e00733          	neg	a4,a4
20002bc4:	0027e793          	ori	a5,a5,2
20002bc8:	02e12623          	sw	a4,44(sp)
20002bcc:	02f12023          	sw	a5,32(sp)
20002bd0:	fb1ff06f          	j	20002b80 <_vfiprintf_r+0x1ec>
20002bd4:	036787b3          	mul	a5,a5,s6
20002bd8:	00140413          	addi	s0,s0,1
20002bdc:	00100693          	li	a3,1
20002be0:	00e787b3          	add	a5,a5,a4
20002be4:	f05ff06f          	j	20002ae8 <_vfiprintf_r+0x154>
20002be8:	00140413          	addi	s0,s0,1
20002bec:	02012223          	sw	zero,36(sp)
20002bf0:	00000793          	li	a5,0
20002bf4:	00900693          	li	a3,9
20002bf8:	00044703          	lbu	a4,0(s0)
20002bfc:	fd070713          	addi	a4,a4,-48
20002c00:	08e6f863          	bgeu	a3,a4,20002c90 <_vfiprintf_r+0x2fc>
20002c04:	fa0c9ae3          	bnez	s9,20002bb8 <_vfiprintf_r+0x224>
20002c08:	00044583          	lbu	a1,0(s0)
20002c0c:	20005c37          	lui	s8,0x20005
20002c10:	00300613          	li	a2,3
20002c14:	c90c0513          	addi	a0,s8,-880 # 20004c90 <__clz_tab+0x1a4>
20002c18:	3b4010ef          	jal	20003fcc <memchr>
20002c1c:	02050263          	beqz	a0,20002c40 <_vfiprintf_r+0x2ac>
20002c20:	02012783          	lw	a5,32(sp)
20002c24:	c90c0c13          	addi	s8,s8,-880
20002c28:	41850533          	sub	a0,a0,s8
20002c2c:	04000713          	li	a4,64
20002c30:	00a71733          	sll	a4,a4,a0
20002c34:	00e7e7b3          	or	a5,a5,a4
20002c38:	00140413          	addi	s0,s0,1
20002c3c:	02f12023          	sw	a5,32(sp)
20002c40:	00044583          	lbu	a1,0(s0)
20002c44:	20005537          	lui	a0,0x20005
20002c48:	00600613          	li	a2,6
20002c4c:	c9450513          	addi	a0,a0,-876 # 20004c94 <__clz_tab+0x1a8>
20002c50:	02b10c23          	sb	a1,56(sp)
20002c54:	378010ef          	jal	20003fcc <memchr>
20002c58:	08050c63          	beqz	a0,20002cf0 <_vfiprintf_r+0x35c>
20002c5c:	00000793          	li	a5,0
20002c60:	04079a63          	bnez	a5,20002cb4 <_vfiprintf_r+0x320>
20002c64:	02012703          	lw	a4,32(sp)
20002c68:	01c12783          	lw	a5,28(sp)
20002c6c:	10077713          	andi	a4,a4,256
20002c70:	02070a63          	beqz	a4,20002ca4 <_vfiprintf_r+0x310>
20002c74:	00478793          	addi	a5,a5,4
20002c78:	00f12e23          	sw	a5,28(sp)
20002c7c:	03412783          	lw	a5,52(sp)
20002c80:	00140413          	addi	s0,s0,1
20002c84:	012787b3          	add	a5,a5,s2
20002c88:	02f12a23          	sw	a5,52(sp)
20002c8c:	d99ff06f          	j	20002a24 <_vfiprintf_r+0x90>
20002c90:	036787b3          	mul	a5,a5,s6
20002c94:	00140413          	addi	s0,s0,1
20002c98:	00100c93          	li	s9,1
20002c9c:	00e787b3          	add	a5,a5,a4
20002ca0:	f59ff06f          	j	20002bf8 <_vfiprintf_r+0x264>
20002ca4:	00778793          	addi	a5,a5,7
20002ca8:	ff87f793          	andi	a5,a5,-8
20002cac:	00878793          	addi	a5,a5,8
20002cb0:	fc9ff06f          	j	20002c78 <_vfiprintf_r+0x2e4>
20002cb4:	200036b7          	lui	a3,0x20003
20002cb8:	01c10713          	addi	a4,sp,28
20002cbc:	8e468693          	addi	a3,a3,-1820 # 200028e4 <__sfputs_r>
20002cc0:	00048613          	mv	a2,s1
20002cc4:	02010593          	addi	a1,sp,32
20002cc8:	00098513          	mv	a0,s3
20002ccc:	00000097          	auipc	ra,0x0
20002cd0:	000000e7          	jalr	zero # 0 <_start-0x20000000>
20002cd4:	00050913          	mv	s2,a0
20002cd8:	fb5512e3          	bne	a0,s5,20002c7c <_vfiprintf_r+0x2e8>
20002cdc:	00c4d783          	lhu	a5,12(s1)
20002ce0:	0407f793          	andi	a5,a5,64
20002ce4:	e20796e3          	bnez	a5,20002b10 <_vfiprintf_r+0x17c>
20002ce8:	03412503          	lw	a0,52(sp)
20002cec:	e29ff06f          	j	20002b14 <_vfiprintf_r+0x180>
20002cf0:	200036b7          	lui	a3,0x20003
20002cf4:	01c10713          	addi	a4,sp,28
20002cf8:	8e468693          	addi	a3,a3,-1820 # 200028e4 <__sfputs_r>
20002cfc:	00048613          	mv	a2,s1
20002d00:	02010593          	addi	a1,sp,32
20002d04:	00098513          	mv	a0,s3
20002d08:	1d4000ef          	jal	20002edc <_printf_i>
20002d0c:	fc9ff06f          	j	20002cd4 <_vfiprintf_r+0x340>

20002d10 <vfiprintf>:
20002d10:	200057b7          	lui	a5,0x20005
20002d14:	00060693          	mv	a3,a2
20002d18:	00058613          	mv	a2,a1
20002d1c:	00050593          	mv	a1,a0
20002d20:	dc47a503          	lw	a0,-572(a5) # 20004dc4 <_impure_ptr>
20002d24:	c71ff06f          	j	20002994 <_vfiprintf_r>

20002d28 <_printf_common>:
20002d28:	fd010113          	addi	sp,sp,-48
20002d2c:	01312e23          	sw	s3,28(sp)
20002d30:	0105a783          	lw	a5,16(a1)
20002d34:	00070993          	mv	s3,a4
20002d38:	0085a703          	lw	a4,8(a1)
20002d3c:	02812423          	sw	s0,40(sp)
20002d40:	03212023          	sw	s2,32(sp)
20002d44:	01612823          	sw	s6,16(sp)
20002d48:	01712623          	sw	s7,12(sp)
20002d4c:	02112623          	sw	ra,44(sp)
20002d50:	02912223          	sw	s1,36(sp)
20002d54:	01412c23          	sw	s4,24(sp)
20002d58:	01512a23          	sw	s5,20(sp)
20002d5c:	00050b13          	mv	s6,a0
20002d60:	00058413          	mv	s0,a1
20002d64:	00060913          	mv	s2,a2
20002d68:	00068b93          	mv	s7,a3
20002d6c:	00e7d463          	bge	a5,a4,20002d74 <_printf_common+0x4c>
20002d70:	00070793          	mv	a5,a4
20002d74:	00f92023          	sw	a5,0(s2)
20002d78:	04344703          	lbu	a4,67(s0)
20002d7c:	00070663          	beqz	a4,20002d88 <_printf_common+0x60>
20002d80:	00178793          	addi	a5,a5,1
20002d84:	00f92023          	sw	a5,0(s2)
20002d88:	00042783          	lw	a5,0(s0)
20002d8c:	0207f793          	andi	a5,a5,32
20002d90:	00078863          	beqz	a5,20002da0 <_printf_common+0x78>
20002d94:	00092783          	lw	a5,0(s2)
20002d98:	00278793          	addi	a5,a5,2
20002d9c:	00f92023          	sw	a5,0(s2)
20002da0:	00042483          	lw	s1,0(s0)
20002da4:	0064f493          	andi	s1,s1,6
20002da8:	00049e63          	bnez	s1,20002dc4 <_printf_common+0x9c>
20002dac:	01940a13          	addi	s4,s0,25
20002db0:	fff00a93          	li	s5,-1
20002db4:	00c42783          	lw	a5,12(s0)
20002db8:	00092703          	lw	a4,0(s2)
20002dbc:	40e787b3          	sub	a5,a5,a4
20002dc0:	08f4c463          	blt	s1,a5,20002e48 <_printf_common+0x120>
20002dc4:	00042783          	lw	a5,0(s0)
20002dc8:	04344683          	lbu	a3,67(s0)
20002dcc:	0207f793          	andi	a5,a5,32
20002dd0:	00d036b3          	snez	a3,a3
20002dd4:	0c079263          	bnez	a5,20002e98 <_printf_common+0x170>
20002dd8:	04340613          	addi	a2,s0,67
20002ddc:	000b8593          	mv	a1,s7
20002de0:	000b0513          	mv	a0,s6
20002de4:	000980e7          	jalr	s3
20002de8:	fff00793          	li	a5,-1
20002dec:	06f50a63          	beq	a0,a5,20002e60 <_printf_common+0x138>
20002df0:	00042783          	lw	a5,0(s0)
20002df4:	00400713          	li	a4,4
20002df8:	00000493          	li	s1,0
20002dfc:	0067f793          	andi	a5,a5,6
20002e00:	00e79e63          	bne	a5,a4,20002e1c <_printf_common+0xf4>
20002e04:	00092783          	lw	a5,0(s2)
20002e08:	00c42483          	lw	s1,12(s0)
20002e0c:	40f484b3          	sub	s1,s1,a5
20002e10:	fff4c793          	not	a5,s1
20002e14:	41f7d793          	srai	a5,a5,0x1f
20002e18:	00f4f4b3          	and	s1,s1,a5
20002e1c:	00842783          	lw	a5,8(s0)
20002e20:	01042703          	lw	a4,16(s0)
20002e24:	00f75663          	bge	a4,a5,20002e30 <_printf_common+0x108>
20002e28:	40e787b3          	sub	a5,a5,a4
20002e2c:	00f484b3          	add	s1,s1,a5
20002e30:	00000913          	li	s2,0
20002e34:	01a40413          	addi	s0,s0,26
20002e38:	fff00a13          	li	s4,-1
20002e3c:	09249063          	bne	s1,s2,20002ebc <_printf_common+0x194>
20002e40:	00000513          	li	a0,0
20002e44:	0200006f          	j	20002e64 <_printf_common+0x13c>
20002e48:	00100693          	li	a3,1
20002e4c:	000a0613          	mv	a2,s4
20002e50:	000b8593          	mv	a1,s7
20002e54:	000b0513          	mv	a0,s6
20002e58:	000980e7          	jalr	s3
20002e5c:	03551a63          	bne	a0,s5,20002e90 <_printf_common+0x168>
20002e60:	fff00513          	li	a0,-1
20002e64:	02c12083          	lw	ra,44(sp)
20002e68:	02812403          	lw	s0,40(sp)
20002e6c:	02412483          	lw	s1,36(sp)
20002e70:	02012903          	lw	s2,32(sp)
20002e74:	01c12983          	lw	s3,28(sp)
20002e78:	01812a03          	lw	s4,24(sp)
20002e7c:	01412a83          	lw	s5,20(sp)
20002e80:	01012b03          	lw	s6,16(sp)
20002e84:	00c12b83          	lw	s7,12(sp)
20002e88:	03010113          	addi	sp,sp,48
20002e8c:	00008067          	ret
20002e90:	00148493          	addi	s1,s1,1
20002e94:	f21ff06f          	j	20002db4 <_printf_common+0x8c>
20002e98:	00d40733          	add	a4,s0,a3
20002e9c:	03000613          	li	a2,48
20002ea0:	04c701a3          	sb	a2,67(a4)
20002ea4:	04544703          	lbu	a4,69(s0)
20002ea8:	00168793          	addi	a5,a3,1
20002eac:	00f407b3          	add	a5,s0,a5
20002eb0:	00268693          	addi	a3,a3,2
20002eb4:	04e781a3          	sb	a4,67(a5)
20002eb8:	f21ff06f          	j	20002dd8 <_printf_common+0xb0>
20002ebc:	00100693          	li	a3,1
20002ec0:	00040613          	mv	a2,s0
20002ec4:	000b8593          	mv	a1,s7
20002ec8:	000b0513          	mv	a0,s6
20002ecc:	000980e7          	jalr	s3
20002ed0:	f94508e3          	beq	a0,s4,20002e60 <_printf_common+0x138>
20002ed4:	00190913          	addi	s2,s2,1
20002ed8:	f65ff06f          	j	20002e3c <_printf_common+0x114>

20002edc <_printf_i>:
20002edc:	fc010113          	addi	sp,sp,-64
20002ee0:	02812c23          	sw	s0,56(sp)
20002ee4:	02912a23          	sw	s1,52(sp)
20002ee8:	03412423          	sw	s4,40(sp)
20002eec:	03512223          	sw	s5,36(sp)
20002ef0:	02112e23          	sw	ra,60(sp)
20002ef4:	03212823          	sw	s2,48(sp)
20002ef8:	03312623          	sw	s3,44(sp)
20002efc:	0185c783          	lbu	a5,24(a1)
20002f00:	00068493          	mv	s1,a3
20002f04:	07800693          	li	a3,120
20002f08:	00050a13          	mv	s4,a0
20002f0c:	00058413          	mv	s0,a1
20002f10:	00060a93          	mv	s5,a2
20002f14:	00f6ee63          	bltu	a3,a5,20002f30 <_printf_i+0x54>
20002f18:	06200693          	li	a3,98
20002f1c:	04358613          	addi	a2,a1,67
20002f20:	00f6ec63          	bltu	a3,a5,20002f38 <_printf_i+0x5c>
20002f24:	28078263          	beqz	a5,200031a8 <_printf_i+0x2cc>
20002f28:	05800693          	li	a3,88
20002f2c:	20d78e63          	beq	a5,a3,20003148 <_printf_i+0x26c>
20002f30:	04240913          	addi	s2,s0,66
20002f34:	0400006f          	j	20002f74 <_printf_i+0x98>
20002f38:	f9d78693          	addi	a3,a5,-99
20002f3c:	0ff6f693          	zext.b	a3,a3
20002f40:	01500593          	li	a1,21
20002f44:	fed5e6e3          	bltu	a1,a3,20002f30 <_printf_i+0x54>
20002f48:	200055b7          	lui	a1,0x20005
20002f4c:	00269693          	slli	a3,a3,0x2
20002f50:	cc458593          	addi	a1,a1,-828 # 20004cc4 <__clz_tab+0x1d8>
20002f54:	00b686b3          	add	a3,a3,a1
20002f58:	0006a683          	lw	a3,0(a3)
20002f5c:	00068067          	jr	a3
20002f60:	00072783          	lw	a5,0(a4)
20002f64:	04240913          	addi	s2,s0,66
20002f68:	00478693          	addi	a3,a5,4
20002f6c:	0007a783          	lw	a5,0(a5)
20002f70:	00d72023          	sw	a3,0(a4)
20002f74:	04f40123          	sb	a5,66(s0)
20002f78:	00100793          	li	a5,1
20002f7c:	2680006f          	j	200031e4 <_printf_i+0x308>
20002f80:	00042783          	lw	a5,0(s0)
20002f84:	00072503          	lw	a0,0(a4)
20002f88:	0807f693          	andi	a3,a5,128
20002f8c:	00450593          	addi	a1,a0,4
20002f90:	02068663          	beqz	a3,20002fbc <_printf_i+0xe0>
20002f94:	00052783          	lw	a5,0(a0)
20002f98:	00b72023          	sw	a1,0(a4)
20002f9c:	200056b7          	lui	a3,0x20005
20002fa0:	0007d863          	bgez	a5,20002fb0 <_printf_i+0xd4>
20002fa4:	02d00713          	li	a4,45
20002fa8:	40f007b3          	neg	a5,a5
20002fac:	04e401a3          	sb	a4,67(s0)
20002fb0:	c9c68693          	addi	a3,a3,-868 # 20004c9c <__clz_tab+0x1b0>
20002fb4:	00a00713          	li	a4,10
20002fb8:	0680006f          	j	20003020 <_printf_i+0x144>
20002fbc:	0407f693          	andi	a3,a5,64
20002fc0:	00052783          	lw	a5,0(a0)
20002fc4:	00b72023          	sw	a1,0(a4)
20002fc8:	fc068ae3          	beqz	a3,20002f9c <_printf_i+0xc0>
20002fcc:	01079793          	slli	a5,a5,0x10
20002fd0:	4107d793          	srai	a5,a5,0x10
20002fd4:	fc9ff06f          	j	20002f9c <_printf_i+0xc0>
20002fd8:	00042583          	lw	a1,0(s0)
20002fdc:	00072683          	lw	a3,0(a4)
20002fe0:	0805f513          	andi	a0,a1,128
20002fe4:	0006a783          	lw	a5,0(a3)
20002fe8:	00468693          	addi	a3,a3,4
20002fec:	00051a63          	bnez	a0,20003000 <_printf_i+0x124>
20002ff0:	0405f593          	andi	a1,a1,64
20002ff4:	00058663          	beqz	a1,20003000 <_printf_i+0x124>
20002ff8:	01079793          	slli	a5,a5,0x10
20002ffc:	0107d793          	srli	a5,a5,0x10
20003000:	00d72023          	sw	a3,0(a4)
20003004:	01844583          	lbu	a1,24(s0)
20003008:	200056b7          	lui	a3,0x20005
2000300c:	06f00713          	li	a4,111
20003010:	c9c68693          	addi	a3,a3,-868 # 20004c9c <__clz_tab+0x1b0>
20003014:	14e59863          	bne	a1,a4,20003164 <_printf_i+0x288>
20003018:	00800713          	li	a4,8
2000301c:	040401a3          	sb	zero,67(s0)
20003020:	00442583          	lw	a1,4(s0)
20003024:	00b42423          	sw	a1,8(s0)
20003028:	0005ce63          	bltz	a1,20003044 <_printf_i+0x168>
2000302c:	00042503          	lw	a0,0(s0)
20003030:	00b7e5b3          	or	a1,a5,a1
20003034:	00060913          	mv	s2,a2
20003038:	ffb57513          	andi	a0,a0,-5
2000303c:	00a42023          	sw	a0,0(s0)
20003040:	02058463          	beqz	a1,20003068 <_printf_i+0x18c>
20003044:	00060913          	mv	s2,a2
20003048:	02e7f5b3          	remu	a1,a5,a4
2000304c:	fff90913          	addi	s2,s2,-1
20003050:	00b685b3          	add	a1,a3,a1
20003054:	0005c583          	lbu	a1,0(a1)
20003058:	00b90023          	sb	a1,0(s2)
2000305c:	00078593          	mv	a1,a5
20003060:	02e7d7b3          	divu	a5,a5,a4
20003064:	fee5f2e3          	bgeu	a1,a4,20003048 <_printf_i+0x16c>
20003068:	00800793          	li	a5,8
2000306c:	02f71463          	bne	a4,a5,20003094 <_printf_i+0x1b8>
20003070:	00042783          	lw	a5,0(s0)
20003074:	0017f793          	andi	a5,a5,1
20003078:	00078e63          	beqz	a5,20003094 <_printf_i+0x1b8>
2000307c:	00442703          	lw	a4,4(s0)
20003080:	01042783          	lw	a5,16(s0)
20003084:	00e7c863          	blt	a5,a4,20003094 <_printf_i+0x1b8>
20003088:	03000793          	li	a5,48
2000308c:	fef90fa3          	sb	a5,-1(s2)
20003090:	fff90913          	addi	s2,s2,-1
20003094:	41260633          	sub	a2,a2,s2
20003098:	00c42823          	sw	a2,16(s0)
2000309c:	00048713          	mv	a4,s1
200030a0:	000a8693          	mv	a3,s5
200030a4:	01c10613          	addi	a2,sp,28
200030a8:	00040593          	mv	a1,s0
200030ac:	000a0513          	mv	a0,s4
200030b0:	c79ff0ef          	jal	20002d28 <_printf_common>
200030b4:	fff00993          	li	s3,-1
200030b8:	13351c63          	bne	a0,s3,200031f0 <_printf_i+0x314>
200030bc:	fff00513          	li	a0,-1
200030c0:	03c12083          	lw	ra,60(sp)
200030c4:	03812403          	lw	s0,56(sp)
200030c8:	03412483          	lw	s1,52(sp)
200030cc:	03012903          	lw	s2,48(sp)
200030d0:	02c12983          	lw	s3,44(sp)
200030d4:	02812a03          	lw	s4,40(sp)
200030d8:	02412a83          	lw	s5,36(sp)
200030dc:	04010113          	addi	sp,sp,64
200030e0:	00008067          	ret
200030e4:	00042783          	lw	a5,0(s0)
200030e8:	0207e793          	ori	a5,a5,32
200030ec:	00f42023          	sw	a5,0(s0)
200030f0:	200056b7          	lui	a3,0x20005
200030f4:	07800793          	li	a5,120
200030f8:	cb068693          	addi	a3,a3,-848 # 20004cb0 <__clz_tab+0x1c4>
200030fc:	04f402a3          	sb	a5,69(s0)
20003100:	00042583          	lw	a1,0(s0)
20003104:	00072503          	lw	a0,0(a4)
20003108:	0805f813          	andi	a6,a1,128
2000310c:	00052783          	lw	a5,0(a0)
20003110:	00450513          	addi	a0,a0,4
20003114:	00081a63          	bnez	a6,20003128 <_printf_i+0x24c>
20003118:	0405f813          	andi	a6,a1,64
2000311c:	00080663          	beqz	a6,20003128 <_printf_i+0x24c>
20003120:	01079793          	slli	a5,a5,0x10
20003124:	0107d793          	srli	a5,a5,0x10
20003128:	00a72023          	sw	a0,0(a4)
2000312c:	0015f713          	andi	a4,a1,1
20003130:	00070663          	beqz	a4,2000313c <_printf_i+0x260>
20003134:	0205e593          	ori	a1,a1,32
20003138:	00b42023          	sw	a1,0(s0)
2000313c:	00078c63          	beqz	a5,20003154 <_printf_i+0x278>
20003140:	01000713          	li	a4,16
20003144:	ed9ff06f          	j	2000301c <_printf_i+0x140>
20003148:	200056b7          	lui	a3,0x20005
2000314c:	c9c68693          	addi	a3,a3,-868 # 20004c9c <__clz_tab+0x1b0>
20003150:	fadff06f          	j	200030fc <_printf_i+0x220>
20003154:	00042703          	lw	a4,0(s0)
20003158:	fdf77713          	andi	a4,a4,-33
2000315c:	00e42023          	sw	a4,0(s0)
20003160:	fe1ff06f          	j	20003140 <_printf_i+0x264>
20003164:	00a00713          	li	a4,10
20003168:	eb5ff06f          	j	2000301c <_printf_i+0x140>
2000316c:	00042683          	lw	a3,0(s0)
20003170:	00072783          	lw	a5,0(a4)
20003174:	01442583          	lw	a1,20(s0)
20003178:	0806f813          	andi	a6,a3,128
2000317c:	00478513          	addi	a0,a5,4
20003180:	00080a63          	beqz	a6,20003194 <_printf_i+0x2b8>
20003184:	00a72023          	sw	a0,0(a4)
20003188:	0007a783          	lw	a5,0(a5)
2000318c:	00b7a023          	sw	a1,0(a5)
20003190:	0180006f          	j	200031a8 <_printf_i+0x2cc>
20003194:	00a72023          	sw	a0,0(a4)
20003198:	0406f693          	andi	a3,a3,64
2000319c:	0007a783          	lw	a5,0(a5)
200031a0:	fe0686e3          	beqz	a3,2000318c <_printf_i+0x2b0>
200031a4:	00b79023          	sh	a1,0(a5)
200031a8:	00042823          	sw	zero,16(s0)
200031ac:	00060913          	mv	s2,a2
200031b0:	eedff06f          	j	2000309c <_printf_i+0x1c0>
200031b4:	00072783          	lw	a5,0(a4)
200031b8:	00442603          	lw	a2,4(s0)
200031bc:	00000593          	li	a1,0
200031c0:	00478693          	addi	a3,a5,4
200031c4:	00d72023          	sw	a3,0(a4)
200031c8:	0007a903          	lw	s2,0(a5)
200031cc:	00090513          	mv	a0,s2
200031d0:	5fd000ef          	jal	20003fcc <memchr>
200031d4:	00050663          	beqz	a0,200031e0 <_printf_i+0x304>
200031d8:	41250533          	sub	a0,a0,s2
200031dc:	00a42223          	sw	a0,4(s0)
200031e0:	00442783          	lw	a5,4(s0)
200031e4:	00f42823          	sw	a5,16(s0)
200031e8:	040401a3          	sb	zero,67(s0)
200031ec:	eb1ff06f          	j	2000309c <_printf_i+0x1c0>
200031f0:	01042683          	lw	a3,16(s0)
200031f4:	00090613          	mv	a2,s2
200031f8:	000a8593          	mv	a1,s5
200031fc:	000a0513          	mv	a0,s4
20003200:	000480e7          	jalr	s1
20003204:	eb350ce3          	beq	a0,s3,200030bc <_printf_i+0x1e0>
20003208:	00042783          	lw	a5,0(s0)
2000320c:	0027f793          	andi	a5,a5,2
20003210:	04079663          	bnez	a5,2000325c <_printf_i+0x380>
20003214:	01c12783          	lw	a5,28(sp)
20003218:	00c42503          	lw	a0,12(s0)
2000321c:	eaf552e3          	bge	a0,a5,200030c0 <_printf_i+0x1e4>
20003220:	00078513          	mv	a0,a5
20003224:	e9dff06f          	j	200030c0 <_printf_i+0x1e4>
20003228:	00100693          	li	a3,1
2000322c:	000a8593          	mv	a1,s5
20003230:	000a0513          	mv	a0,s4
20003234:	00c12623          	sw	a2,12(sp)
20003238:	000480e7          	jalr	s1
2000323c:	e93500e3          	beq	a0,s3,200030bc <_printf_i+0x1e0>
20003240:	00c12603          	lw	a2,12(sp)
20003244:	00190913          	addi	s2,s2,1
20003248:	00c42783          	lw	a5,12(s0)
2000324c:	01c12703          	lw	a4,28(sp)
20003250:	40e787b3          	sub	a5,a5,a4
20003254:	fcf94ae3          	blt	s2,a5,20003228 <_printf_i+0x34c>
20003258:	fbdff06f          	j	20003214 <_printf_i+0x338>
2000325c:	00000913          	li	s2,0
20003260:	01940613          	addi	a2,s0,25
20003264:	fe5ff06f          	j	20003248 <_printf_i+0x36c>

20003268 <__sflush_r>:
20003268:	00c59783          	lh	a5,12(a1)
2000326c:	fe010113          	addi	sp,sp,-32
20003270:	00812c23          	sw	s0,24(sp)
20003274:	00912a23          	sw	s1,20(sp)
20003278:	00112e23          	sw	ra,28(sp)
2000327c:	01212823          	sw	s2,16(sp)
20003280:	0087f713          	andi	a4,a5,8
20003284:	00050493          	mv	s1,a0
20003288:	00058413          	mv	s0,a1
2000328c:	12071263          	bnez	a4,200033b0 <__sflush_r+0x148>
20003290:	0045a703          	lw	a4,4(a1)
20003294:	00e04663          	bgtz	a4,200032a0 <__sflush_r+0x38>
20003298:	0405a703          	lw	a4,64(a1)
2000329c:	10e05663          	blez	a4,200033a8 <__sflush_r+0x140>
200032a0:	02c42703          	lw	a4,44(s0)
200032a4:	10070263          	beqz	a4,200033a8 <__sflush_r+0x140>
200032a8:	0004a903          	lw	s2,0(s1)
200032ac:	01379693          	slli	a3,a5,0x13
200032b0:	0004a023          	sw	zero,0(s1)
200032b4:	0a06dc63          	bgez	a3,2000336c <__sflush_r+0x104>
200032b8:	05442603          	lw	a2,84(s0)
200032bc:	00c45783          	lhu	a5,12(s0)
200032c0:	0047f793          	andi	a5,a5,4
200032c4:	00078e63          	beqz	a5,200032e0 <__sflush_r+0x78>
200032c8:	00442783          	lw	a5,4(s0)
200032cc:	40f60633          	sub	a2,a2,a5
200032d0:	03442783          	lw	a5,52(s0)
200032d4:	00078663          	beqz	a5,200032e0 <__sflush_r+0x78>
200032d8:	04042783          	lw	a5,64(s0)
200032dc:	40f60633          	sub	a2,a2,a5
200032e0:	02c42783          	lw	a5,44(s0)
200032e4:	02042583          	lw	a1,32(s0)
200032e8:	00000693          	li	a3,0
200032ec:	00048513          	mv	a0,s1
200032f0:	000780e7          	jalr	a5
200032f4:	fff00713          	li	a4,-1
200032f8:	00c41783          	lh	a5,12(s0)
200032fc:	02e51263          	bne	a0,a4,20003320 <__sflush_r+0xb8>
20003300:	0004a683          	lw	a3,0(s1)
20003304:	01d00713          	li	a4,29
20003308:	0ed76c63          	bltu	a4,a3,20003400 <__sflush_r+0x198>
2000330c:	20400737          	lui	a4,0x20400
20003310:	00170713          	addi	a4,a4,1 # 20400001 <__stack_top+0x3fa4e5>
20003314:	00d75733          	srl	a4,a4,a3
20003318:	00177713          	andi	a4,a4,1
2000331c:	0e070263          	beqz	a4,20003400 <__sflush_r+0x198>
20003320:	01042703          	lw	a4,16(s0)
20003324:	00042223          	sw	zero,4(s0)
20003328:	00e42023          	sw	a4,0(s0)
2000332c:	01379713          	slli	a4,a5,0x13
20003330:	00075c63          	bgez	a4,20003348 <__sflush_r+0xe0>
20003334:	fff00793          	li	a5,-1
20003338:	00f51663          	bne	a0,a5,20003344 <__sflush_r+0xdc>
2000333c:	0004a783          	lw	a5,0(s1)
20003340:	00079463          	bnez	a5,20003348 <__sflush_r+0xe0>
20003344:	04a42a23          	sw	a0,84(s0)
20003348:	03442583          	lw	a1,52(s0)
2000334c:	0124a023          	sw	s2,0(s1)
20003350:	04058c63          	beqz	a1,200033a8 <__sflush_r+0x140>
20003354:	04440793          	addi	a5,s0,68
20003358:	00f58663          	beq	a1,a5,20003364 <__sflush_r+0xfc>
2000335c:	00048513          	mv	a0,s1
20003360:	9dcff0ef          	jal	2000253c <_free_r>
20003364:	02042a23          	sw	zero,52(s0)
20003368:	0400006f          	j	200033a8 <__sflush_r+0x140>
2000336c:	02042583          	lw	a1,32(s0)
20003370:	00000613          	li	a2,0
20003374:	00100693          	li	a3,1
20003378:	00048513          	mv	a0,s1
2000337c:	000700e7          	jalr	a4
20003380:	fff00793          	li	a5,-1
20003384:	00050613          	mv	a2,a0
20003388:	f2f51ae3          	bne	a0,a5,200032bc <__sflush_r+0x54>
2000338c:	0004a783          	lw	a5,0(s1)
20003390:	f20786e3          	beqz	a5,200032bc <__sflush_r+0x54>
20003394:	fe378713          	addi	a4,a5,-29
20003398:	00070663          	beqz	a4,200033a4 <__sflush_r+0x13c>
2000339c:	fea78793          	addi	a5,a5,-22
200033a0:	04079e63          	bnez	a5,200033fc <__sflush_r+0x194>
200033a4:	0124a023          	sw	s2,0(s1)
200033a8:	00000513          	li	a0,0
200033ac:	0600006f          	j	2000340c <__sflush_r+0x1a4>
200033b0:	0105a603          	lw	a2,16(a1)
200033b4:	fe060ae3          	beqz	a2,200033a8 <__sflush_r+0x140>
200033b8:	0005a683          	lw	a3,0(a1)
200033bc:	0037f793          	andi	a5,a5,3
200033c0:	00c5a023          	sw	a2,0(a1)
200033c4:	40c68933          	sub	s2,a3,a2
200033c8:	00000713          	li	a4,0
200033cc:	00079463          	bnez	a5,200033d4 <__sflush_r+0x16c>
200033d0:	0145a703          	lw	a4,20(a1)
200033d4:	00e42423          	sw	a4,8(s0)
200033d8:	fd2058e3          	blez	s2,200033a8 <__sflush_r+0x140>
200033dc:	02842783          	lw	a5,40(s0)
200033e0:	02042583          	lw	a1,32(s0)
200033e4:	00090693          	mv	a3,s2
200033e8:	00048513          	mv	a0,s1
200033ec:	00c12623          	sw	a2,12(sp)
200033f0:	000780e7          	jalr	a5
200033f4:	00c12603          	lw	a2,12(sp)
200033f8:	02a04663          	bgtz	a0,20003424 <__sflush_r+0x1bc>
200033fc:	00c45783          	lhu	a5,12(s0)
20003400:	0407e793          	ori	a5,a5,64
20003404:	00f41623          	sh	a5,12(s0)
20003408:	fff00513          	li	a0,-1
2000340c:	01c12083          	lw	ra,28(sp)
20003410:	01812403          	lw	s0,24(sp)
20003414:	01412483          	lw	s1,20(sp)
20003418:	01012903          	lw	s2,16(sp)
2000341c:	02010113          	addi	sp,sp,32
20003420:	00008067          	ret
20003424:	00a60633          	add	a2,a2,a0
20003428:	40a90933          	sub	s2,s2,a0
2000342c:	fadff06f          	j	200033d8 <__sflush_r+0x170>

20003430 <_fflush_r>:
20003430:	0105a783          	lw	a5,16(a1)
20003434:	04078e63          	beqz	a5,20003490 <_fflush_r+0x60>
20003438:	fe010113          	addi	sp,sp,-32
2000343c:	00812c23          	sw	s0,24(sp)
20003440:	00112e23          	sw	ra,28(sp)
20003444:	00050413          	mv	s0,a0
20003448:	00050c63          	beqz	a0,20003460 <_fflush_r+0x30>
2000344c:	02052783          	lw	a5,32(a0)
20003450:	00079863          	bnez	a5,20003460 <_fflush_r+0x30>
20003454:	00b12623          	sw	a1,12(sp)
20003458:	2fc000ef          	jal	20003754 <__sinit>
2000345c:	00c12583          	lw	a1,12(sp)
20003460:	00c59783          	lh	a5,12(a1)
20003464:	00078c63          	beqz	a5,2000347c <_fflush_r+0x4c>
20003468:	00040513          	mv	a0,s0
2000346c:	01812403          	lw	s0,24(sp)
20003470:	01c12083          	lw	ra,28(sp)
20003474:	02010113          	addi	sp,sp,32
20003478:	df1ff06f          	j	20003268 <__sflush_r>
2000347c:	01c12083          	lw	ra,28(sp)
20003480:	01812403          	lw	s0,24(sp)
20003484:	00000513          	li	a0,0
20003488:	02010113          	addi	sp,sp,32
2000348c:	00008067          	ret
20003490:	00000513          	li	a0,0
20003494:	00008067          	ret

20003498 <fflush>:
20003498:	00050593          	mv	a1,a0
2000349c:	02051063          	bnez	a0,200034bc <fflush+0x24>
200034a0:	20005637          	lui	a2,0x20005
200034a4:	200035b7          	lui	a1,0x20003
200034a8:	20005537          	lui	a0,0x20005
200034ac:	db860613          	addi	a2,a2,-584 # 20004db8 <__sglue>
200034b0:	43058593          	addi	a1,a1,1072 # 20003430 <_fflush_r>
200034b4:	d6c50513          	addi	a0,a0,-660 # 20004d6c <_impure_data>
200034b8:	7d80006f          	j	20003c90 <_fwalk_sglue>
200034bc:	200057b7          	lui	a5,0x20005
200034c0:	dc47a503          	lw	a0,-572(a5) # 20004dc4 <_impure_ptr>
200034c4:	f6dff06f          	j	20003430 <_fflush_r>

200034c8 <__fp_lock>:
200034c8:	00000513          	li	a0,0
200034cc:	00008067          	ret

200034d0 <std>:
200034d0:	ff010113          	addi	sp,sp,-16
200034d4:	00812423          	sw	s0,8(sp)
200034d8:	00112623          	sw	ra,12(sp)
200034dc:	00050413          	mv	s0,a0
200034e0:	00b51623          	sh	a1,12(a0)
200034e4:	00c51723          	sh	a2,14(a0)
200034e8:	00052023          	sw	zero,0(a0)
200034ec:	00052223          	sw	zero,4(a0)
200034f0:	00052423          	sw	zero,8(a0)
200034f4:	06052223          	sw	zero,100(a0)
200034f8:	00052823          	sw	zero,16(a0)
200034fc:	00052a23          	sw	zero,20(a0)
20003500:	00052c23          	sw	zero,24(a0)
20003504:	00800613          	li	a2,8
20003508:	00000593          	li	a1,0
2000350c:	05c50513          	addi	a0,a0,92
20003510:	6c9000ef          	jal	200043d8 <memset>
20003514:	200047b7          	lui	a5,0x20004
20003518:	e9078793          	addi	a5,a5,-368 # 20003e90 <__sread>
2000351c:	02f42223          	sw	a5,36(s0)
20003520:	200047b7          	lui	a5,0x20004
20003524:	ee878793          	addi	a5,a5,-280 # 20003ee8 <__swrite>
20003528:	02f42423          	sw	a5,40(s0)
2000352c:	200047b7          	lui	a5,0x20004
20003530:	f6c78793          	addi	a5,a5,-148 # 20003f6c <__sseek>
20003534:	02f42623          	sw	a5,44(s0)
20003538:	200047b7          	lui	a5,0x20004
2000353c:	fc478793          	addi	a5,a5,-60 # 20003fc4 <__sclose>
20003540:	00c12083          	lw	ra,12(sp)
20003544:	02842023          	sw	s0,32(s0)
20003548:	02f42823          	sw	a5,48(s0)
2000354c:	00812403          	lw	s0,8(sp)
20003550:	01010113          	addi	sp,sp,16
20003554:	00008067          	ret

20003558 <stdio_exit_handler>:
20003558:	20005637          	lui	a2,0x20005
2000355c:	200035b7          	lui	a1,0x20003
20003560:	20005537          	lui	a0,0x20005
20003564:	db860613          	addi	a2,a2,-584 # 20004db8 <__sglue>
20003568:	43058593          	addi	a1,a1,1072 # 20003430 <_fflush_r>
2000356c:	d6c50513          	addi	a0,a0,-660 # 20004d6c <_impure_data>
20003570:	7200006f          	j	20003c90 <_fwalk_sglue>

20003574 <cleanup_stdio>:
20003574:	00452583          	lw	a1,4(a0)
20003578:	ff010113          	addi	sp,sp,-16
2000357c:	200057b7          	lui	a5,0x20005
20003580:	00812423          	sw	s0,8(sp)
20003584:	00112623          	sw	ra,12(sp)
20003588:	dd478793          	addi	a5,a5,-556 # 20004dd4 <__sf>
2000358c:	00050413          	mv	s0,a0
20003590:	00f58463          	beq	a1,a5,20003598 <cleanup_stdio+0x24>
20003594:	e9dff0ef          	jal	20003430 <_fflush_r>
20003598:	00842583          	lw	a1,8(s0)
2000359c:	200057b7          	lui	a5,0x20005
200035a0:	e3c78793          	addi	a5,a5,-452 # 20004e3c <__sf+0x68>
200035a4:	00f58663          	beq	a1,a5,200035b0 <cleanup_stdio+0x3c>
200035a8:	00040513          	mv	a0,s0
200035ac:	e85ff0ef          	jal	20003430 <_fflush_r>
200035b0:	00c42583          	lw	a1,12(s0)
200035b4:	200057b7          	lui	a5,0x20005
200035b8:	ea478793          	addi	a5,a5,-348 # 20004ea4 <__sf+0xd0>
200035bc:	00f58c63          	beq	a1,a5,200035d4 <cleanup_stdio+0x60>
200035c0:	00040513          	mv	a0,s0
200035c4:	00812403          	lw	s0,8(sp)
200035c8:	00c12083          	lw	ra,12(sp)
200035cc:	01010113          	addi	sp,sp,16
200035d0:	e61ff06f          	j	20003430 <_fflush_r>
200035d4:	00c12083          	lw	ra,12(sp)
200035d8:	00812403          	lw	s0,8(sp)
200035dc:	01010113          	addi	sp,sp,16
200035e0:	00008067          	ret

200035e4 <global_stdio_init.part.0>:
200035e4:	200037b7          	lui	a5,0x20003
200035e8:	20005537          	lui	a0,0x20005
200035ec:	ff010113          	addi	sp,sp,-16
200035f0:	20005737          	lui	a4,0x20005
200035f4:	55878793          	addi	a5,a5,1368 # 20003558 <stdio_exit_handler>
200035f8:	00000613          	li	a2,0
200035fc:	00400593          	li	a1,4
20003600:	dd450513          	addi	a0,a0,-556 # 20004dd4 <__sf>
20003604:	00112623          	sw	ra,12(sp)
20003608:	f0f72a23          	sw	a5,-236(a4) # 20004f14 <__stdio_exit_handler>
2000360c:	ec5ff0ef          	jal	200034d0 <std>
20003610:	20005537          	lui	a0,0x20005
20003614:	00100613          	li	a2,1
20003618:	00900593          	li	a1,9
2000361c:	e3c50513          	addi	a0,a0,-452 # 20004e3c <__sf+0x68>
20003620:	eb1ff0ef          	jal	200034d0 <std>
20003624:	00c12083          	lw	ra,12(sp)
20003628:	20005537          	lui	a0,0x20005
2000362c:	00200613          	li	a2,2
20003630:	01200593          	li	a1,18
20003634:	ea450513          	addi	a0,a0,-348 # 20004ea4 <__sf+0xd0>
20003638:	01010113          	addi	sp,sp,16
2000363c:	e95ff06f          	j	200034d0 <std>

20003640 <__fp_unlock>:
20003640:	00000513          	li	a0,0
20003644:	00008067          	ret

20003648 <__sfp>:
20003648:	200057b7          	lui	a5,0x20005
2000364c:	f147a783          	lw	a5,-236(a5) # 20004f14 <__stdio_exit_handler>
20003650:	ff010113          	addi	sp,sp,-16
20003654:	01212023          	sw	s2,0(sp)
20003658:	00112623          	sw	ra,12(sp)
2000365c:	00812423          	sw	s0,8(sp)
20003660:	00912223          	sw	s1,4(sp)
20003664:	00050913          	mv	s2,a0
20003668:	00079463          	bnez	a5,20003670 <__sfp+0x28>
2000366c:	f79ff0ef          	jal	200035e4 <global_stdio_init.part.0>
20003670:	200054b7          	lui	s1,0x20005
20003674:	db848493          	addi	s1,s1,-584 # 20004db8 <__sglue>
20003678:	0084a403          	lw	s0,8(s1)
2000367c:	0044a783          	lw	a5,4(s1)
20003680:	fff78793          	addi	a5,a5,-1
20003684:	0207d863          	bgez	a5,200036b4 <__sfp+0x6c>
20003688:	0004a403          	lw	s0,0(s1)
2000368c:	0c041063          	bnez	s0,2000374c <__sfp+0x104>
20003690:	1ac00593          	li	a1,428
20003694:	00090513          	mv	a0,s2
20003698:	848ff0ef          	jal	200026e0 <_malloc_r>
2000369c:	00050413          	mv	s0,a0
200036a0:	08051463          	bnez	a0,20003728 <__sfp+0xe0>
200036a4:	0004a023          	sw	zero,0(s1)
200036a8:	00c00793          	li	a5,12
200036ac:	00f92023          	sw	a5,0(s2)
200036b0:	0540006f          	j	20003704 <__sfp+0xbc>
200036b4:	00c41703          	lh	a4,12(s0)
200036b8:	06071463          	bnez	a4,20003720 <__sfp+0xd8>
200036bc:	ffff07b7          	lui	a5,0xffff0
200036c0:	00178793          	addi	a5,a5,1 # ffff0001 <__stack_top+0xdffea4e5>
200036c4:	06042223          	sw	zero,100(s0)
200036c8:	00042023          	sw	zero,0(s0)
200036cc:	00042223          	sw	zero,4(s0)
200036d0:	00042423          	sw	zero,8(s0)
200036d4:	00f42623          	sw	a5,12(s0)
200036d8:	00042823          	sw	zero,16(s0)
200036dc:	00042a23          	sw	zero,20(s0)
200036e0:	00042c23          	sw	zero,24(s0)
200036e4:	00800613          	li	a2,8
200036e8:	00000593          	li	a1,0
200036ec:	05c40513          	addi	a0,s0,92
200036f0:	4e9000ef          	jal	200043d8 <memset>
200036f4:	02042a23          	sw	zero,52(s0)
200036f8:	02042c23          	sw	zero,56(s0)
200036fc:	04042423          	sw	zero,72(s0)
20003700:	04042623          	sw	zero,76(s0)
20003704:	00c12083          	lw	ra,12(sp)
20003708:	00040513          	mv	a0,s0
2000370c:	00812403          	lw	s0,8(sp)
20003710:	00412483          	lw	s1,4(sp)
20003714:	00012903          	lw	s2,0(sp)
20003718:	01010113          	addi	sp,sp,16
2000371c:	00008067          	ret
20003720:	06840413          	addi	s0,s0,104
20003724:	f5dff06f          	j	20003680 <__sfp+0x38>
20003728:	00400793          	li	a5,4
2000372c:	00052023          	sw	zero,0(a0)
20003730:	00f52223          	sw	a5,4(a0)
20003734:	00c50513          	addi	a0,a0,12
20003738:	00a42423          	sw	a0,8(s0)
2000373c:	1a000613          	li	a2,416
20003740:	00000593          	li	a1,0
20003744:	495000ef          	jal	200043d8 <memset>
20003748:	0084a023          	sw	s0,0(s1)
2000374c:	00040493          	mv	s1,s0
20003750:	f29ff06f          	j	20003678 <__sfp+0x30>

20003754 <__sinit>:
20003754:	02052783          	lw	a5,32(a0)
20003758:	02079063          	bnez	a5,20003778 <__sinit+0x24>
2000375c:	200037b7          	lui	a5,0x20003
20003760:	57478793          	addi	a5,a5,1396 # 20003574 <cleanup_stdio>
20003764:	02f52023          	sw	a5,32(a0)
20003768:	200057b7          	lui	a5,0x20005
2000376c:	f147a783          	lw	a5,-236(a5) # 20004f14 <__stdio_exit_handler>
20003770:	00079463          	bnez	a5,20003778 <__sinit+0x24>
20003774:	e71ff06f          	j	200035e4 <global_stdio_init.part.0>
20003778:	00008067          	ret

2000377c <__sfp_lock_acquire>:
2000377c:	00008067          	ret

20003780 <__sfp_lock_release>:
20003780:	00008067          	ret

20003784 <__fp_lock_all>:
20003784:	20005637          	lui	a2,0x20005
20003788:	200035b7          	lui	a1,0x20003
2000378c:	db860613          	addi	a2,a2,-584 # 20004db8 <__sglue>
20003790:	4c858593          	addi	a1,a1,1224 # 200034c8 <__fp_lock>
20003794:	00000513          	li	a0,0
20003798:	4f80006f          	j	20003c90 <_fwalk_sglue>

2000379c <__fp_unlock_all>:
2000379c:	20005637          	lui	a2,0x20005
200037a0:	200035b7          	lui	a1,0x20003
200037a4:	db860613          	addi	a2,a2,-584 # 20004db8 <__sglue>
200037a8:	64058593          	addi	a1,a1,1600 # 20003640 <__fp_unlock>
200037ac:	00000513          	li	a0,0
200037b0:	4e00006f          	j	20003c90 <_fwalk_sglue>

200037b4 <_fiprintf_r>:
200037b4:	fc010113          	addi	sp,sp,-64
200037b8:	02d12623          	sw	a3,44(sp)
200037bc:	02c10693          	addi	a3,sp,44
200037c0:	00112e23          	sw	ra,28(sp)
200037c4:	02e12823          	sw	a4,48(sp)
200037c8:	02f12a23          	sw	a5,52(sp)
200037cc:	03012c23          	sw	a6,56(sp)
200037d0:	03112e23          	sw	a7,60(sp)
200037d4:	00d12623          	sw	a3,12(sp)
200037d8:	9bcff0ef          	jal	20002994 <_vfiprintf_r>
200037dc:	01c12083          	lw	ra,28(sp)
200037e0:	04010113          	addi	sp,sp,64
200037e4:	00008067          	ret

200037e8 <fiprintf>:
200037e8:	fc010113          	addi	sp,sp,-64
200037ec:	02f12a23          	sw	a5,52(sp)
200037f0:	200057b7          	lui	a5,0x20005
200037f4:	02c12423          	sw	a2,40(sp)
200037f8:	00058613          	mv	a2,a1
200037fc:	00050593          	mv	a1,a0
20003800:	dc47a503          	lw	a0,-572(a5) # 20004dc4 <_impure_ptr>
20003804:	02d12623          	sw	a3,44(sp)
20003808:	02810693          	addi	a3,sp,40
2000380c:	00112e23          	sw	ra,28(sp)
20003810:	02e12823          	sw	a4,48(sp)
20003814:	03012c23          	sw	a6,56(sp)
20003818:	03112e23          	sw	a7,60(sp)
2000381c:	00d12623          	sw	a3,12(sp)
20003820:	974ff0ef          	jal	20002994 <_vfiprintf_r>
20003824:	01c12083          	lw	ra,28(sp)
20003828:	04010113          	addi	sp,sp,64
2000382c:	00008067          	ret

20003830 <__sfvwrite_r>:
20003830:	00862783          	lw	a5,8(a2)
20003834:	04079663          	bnez	a5,20003880 <__sfvwrite_r+0x50>
20003838:	00000513          	li	a0,0
2000383c:	00008067          	ret
20003840:	00000513          	li	a0,0
20003844:	03c12083          	lw	ra,60(sp)
20003848:	03812403          	lw	s0,56(sp)
2000384c:	03412483          	lw	s1,52(sp)
20003850:	03012903          	lw	s2,48(sp)
20003854:	02c12983          	lw	s3,44(sp)
20003858:	02812a03          	lw	s4,40(sp)
2000385c:	02412a83          	lw	s5,36(sp)
20003860:	02012b03          	lw	s6,32(sp)
20003864:	01c12b83          	lw	s7,28(sp)
20003868:	01812c03          	lw	s8,24(sp)
2000386c:	01412c83          	lw	s9,20(sp)
20003870:	01012d03          	lw	s10,16(sp)
20003874:	00c12d83          	lw	s11,12(sp)
20003878:	04010113          	addi	sp,sp,64
2000387c:	00008067          	ret
20003880:	00c5d783          	lhu	a5,12(a1)
20003884:	fc010113          	addi	sp,sp,-64
20003888:	02812c23          	sw	s0,56(sp)
2000388c:	03312623          	sw	s3,44(sp)
20003890:	03512223          	sw	s5,36(sp)
20003894:	02112e23          	sw	ra,60(sp)
20003898:	02912a23          	sw	s1,52(sp)
2000389c:	03212823          	sw	s2,48(sp)
200038a0:	03412423          	sw	s4,40(sp)
200038a4:	03612023          	sw	s6,32(sp)
200038a8:	01712e23          	sw	s7,28(sp)
200038ac:	01812c23          	sw	s8,24(sp)
200038b0:	01912a23          	sw	s9,20(sp)
200038b4:	01a12823          	sw	s10,16(sp)
200038b8:	01b12623          	sw	s11,12(sp)
200038bc:	0087f793          	andi	a5,a5,8
200038c0:	00060a93          	mv	s5,a2
200038c4:	00058413          	mv	s0,a1
200038c8:	00050993          	mv	s3,a0
200038cc:	0e078263          	beqz	a5,200039b0 <__sfvwrite_r+0x180>
200038d0:	0105a783          	lw	a5,16(a1)
200038d4:	0c078e63          	beqz	a5,200039b0 <__sfvwrite_r+0x180>
200038d8:	00c41783          	lh	a5,12(s0)
200038dc:	000aaa03          	lw	s4,0(s5)
200038e0:	0027f713          	andi	a4,a5,2
200038e4:	12071c63          	bnez	a4,20003a1c <__sfvwrite_r+0x1ec>
200038e8:	0017f793          	andi	a5,a5,1
200038ec:	1c078c63          	beqz	a5,20003ac4 <__sfvwrite_r+0x294>
200038f0:	00000b93          	li	s7,0
200038f4:	00000513          	li	a0,0
200038f8:	00000b13          	li	s6,0
200038fc:	00000913          	li	s2,0
20003900:	32090663          	beqz	s2,20003c2c <__sfvwrite_r+0x3fc>
20003904:	02051263          	bnez	a0,20003928 <__sfvwrite_r+0xf8>
20003908:	00090613          	mv	a2,s2
2000390c:	00a00593          	li	a1,10
20003910:	000b0513          	mv	a0,s6
20003914:	6b8000ef          	jal	20003fcc <memchr>
20003918:	00190b93          	addi	s7,s2,1
2000391c:	00050663          	beqz	a0,20003928 <__sfvwrite_r+0xf8>
20003920:	00150513          	addi	a0,a0,1
20003924:	41650bb3          	sub	s7,a0,s6
20003928:	000b8c13          	mv	s8,s7
2000392c:	01797463          	bgeu	s2,s7,20003934 <__sfvwrite_r+0x104>
20003930:	00090c13          	mv	s8,s2
20003934:	01442683          	lw	a3,20(s0)
20003938:	00842483          	lw	s1,8(s0)
2000393c:	00042503          	lw	a0,0(s0)
20003940:	01042783          	lw	a5,16(s0)
20003944:	009684b3          	add	s1,a3,s1
20003948:	2ea7fc63          	bgeu	a5,a0,20003c40 <__sfvwrite_r+0x410>
2000394c:	2f84da63          	bge	s1,s8,20003c40 <__sfvwrite_r+0x410>
20003950:	000b0593          	mv	a1,s6
20003954:	00048613          	mv	a2,s1
20003958:	245000ef          	jal	2000439c <memmove>
2000395c:	00042783          	lw	a5,0(s0)
20003960:	00040593          	mv	a1,s0
20003964:	00098513          	mv	a0,s3
20003968:	009787b3          	add	a5,a5,s1
2000396c:	00f42023          	sw	a5,0(s0)
20003970:	ac1ff0ef          	jal	20003430 <_fflush_r>
20003974:	14051063          	bnez	a0,20003ab4 <__sfvwrite_r+0x284>
20003978:	409b8bb3          	sub	s7,s7,s1
2000397c:	00100513          	li	a0,1
20003980:	000b9a63          	bnez	s7,20003994 <__sfvwrite_r+0x164>
20003984:	00040593          	mv	a1,s0
20003988:	00098513          	mv	a0,s3
2000398c:	aa5ff0ef          	jal	20003430 <_fflush_r>
20003990:	12051263          	bnez	a0,20003ab4 <__sfvwrite_r+0x284>
20003994:	008aa783          	lw	a5,8(s5)
20003998:	409787b3          	sub	a5,a5,s1
2000399c:	00faa423          	sw	a5,8(s5)
200039a0:	ea0780e3          	beqz	a5,20003840 <__sfvwrite_r+0x10>
200039a4:	009b0b33          	add	s6,s6,s1
200039a8:	40990933          	sub	s2,s2,s1
200039ac:	f55ff06f          	j	20003900 <__sfvwrite_r+0xd0>
200039b0:	00040593          	mv	a1,s0
200039b4:	00098513          	mv	a0,s3
200039b8:	9f5fe0ef          	jal	200023ac <__swsetup_r>
200039bc:	f0050ee3          	beqz	a0,200038d8 <__sfvwrite_r+0xa8>
200039c0:	fff00513          	li	a0,-1
200039c4:	e81ff06f          	j	20003844 <__sfvwrite_r+0x14>
200039c8:	000a2903          	lw	s2,0(s4)
200039cc:	004a2483          	lw	s1,4(s4)
200039d0:	008a0a13          	addi	s4,s4,8
200039d4:	fe048ae3          	beqz	s1,200039c8 <__sfvwrite_r+0x198>
200039d8:	00048693          	mv	a3,s1
200039dc:	009b7663          	bgeu	s6,s1,200039e8 <__sfvwrite_r+0x1b8>
200039e0:	800006b7          	lui	a3,0x80000
200039e4:	c0068693          	addi	a3,a3,-1024 # 7ffffc00 <__stack_top+0x5fffa0e4>
200039e8:	02842783          	lw	a5,40(s0)
200039ec:	02042583          	lw	a1,32(s0)
200039f0:	00090613          	mv	a2,s2
200039f4:	00098513          	mv	a0,s3
200039f8:	000780e7          	jalr	a5
200039fc:	0aa05c63          	blez	a0,20003ab4 <__sfvwrite_r+0x284>
20003a00:	008aa783          	lw	a5,8(s5)
20003a04:	40a787b3          	sub	a5,a5,a0
20003a08:	00faa423          	sw	a5,8(s5)
20003a0c:	e2078ae3          	beqz	a5,20003840 <__sfvwrite_r+0x10>
20003a10:	00a90933          	add	s2,s2,a0
20003a14:	40a484b3          	sub	s1,s1,a0
20003a18:	fbdff06f          	j	200039d4 <__sfvwrite_r+0x1a4>
20003a1c:	80000b37          	lui	s6,0x80000
20003a20:	00000913          	li	s2,0
20003a24:	00000493          	li	s1,0
20003a28:	c00b0b13          	addi	s6,s6,-1024 # 7ffffc00 <__stack_top+0x5fffa0e4>
20003a2c:	fa9ff06f          	j	200039d4 <__sfvwrite_r+0x1a4>
20003a30:	000a2b03          	lw	s6,0(s4)
20003a34:	004a2483          	lw	s1,4(s4)
20003a38:	008a0a13          	addi	s4,s4,8
20003a3c:	fe048ae3          	beqz	s1,20003a30 <__sfvwrite_r+0x200>
20003a40:	00c41783          	lh	a5,12(s0)
20003a44:	00842d03          	lw	s10,8(s0)
20003a48:	00042503          	lw	a0,0(s0)
20003a4c:	2007f713          	andi	a4,a5,512
20003a50:	14070863          	beqz	a4,20003ba0 <__sfvwrite_r+0x370>
20003a54:	000d0d93          	mv	s11,s10
20003a58:	13a4ec63          	bltu	s1,s10,20003b90 <__sfvwrite_r+0x360>
20003a5c:	4807f713          	andi	a4,a5,1152
20003a60:	12070c63          	beqz	a4,20003b98 <__sfvwrite_r+0x368>
20003a64:	01442903          	lw	s2,20(s0)
20003a68:	01042583          	lw	a1,16(s0)
20003a6c:	03890933          	mul	s2,s2,s8
20003a70:	40b50db3          	sub	s11,a0,a1
20003a74:	001d8713          	addi	a4,s11,1
20003a78:	00970733          	add	a4,a4,s1
20003a7c:	03994933          	div	s2,s2,s9
20003a80:	00090613          	mv	a2,s2
20003a84:	00e97663          	bgeu	s2,a4,20003a90 <__sfvwrite_r+0x260>
20003a88:	00070913          	mv	s2,a4
20003a8c:	00070613          	mv	a2,a4
20003a90:	4007f793          	andi	a5,a5,1024
20003a94:	0c078863          	beqz	a5,20003b64 <__sfvwrite_r+0x334>
20003a98:	00060593          	mv	a1,a2
20003a9c:	00098513          	mv	a0,s3
20003aa0:	c41fe0ef          	jal	200026e0 <_malloc_r>
20003aa4:	00050d13          	mv	s10,a0
20003aa8:	02051c63          	bnez	a0,20003ae0 <__sfvwrite_r+0x2b0>
20003aac:	00c00793          	li	a5,12
20003ab0:	00f9a023          	sw	a5,0(s3)
20003ab4:	00c45783          	lhu	a5,12(s0)
20003ab8:	0407e793          	ori	a5,a5,64
20003abc:	00f41623          	sh	a5,12(s0)
20003ac0:	f01ff06f          	j	200039c0 <__sfvwrite_r+0x190>
20003ac4:	80000bb7          	lui	s7,0x80000
20003ac8:	00000b13          	li	s6,0
20003acc:	00000493          	li	s1,0
20003ad0:	fffb8b93          	addi	s7,s7,-1 # 7fffffff <__stack_top+0x5fffa4e3>
20003ad4:	00300c13          	li	s8,3
20003ad8:	00200c93          	li	s9,2
20003adc:	f61ff06f          	j	20003a3c <__sfvwrite_r+0x20c>
20003ae0:	01042583          	lw	a1,16(s0)
20003ae4:	000d8613          	mv	a2,s11
20003ae8:	10d000ef          	jal	200043f4 <memcpy>
20003aec:	00c45783          	lhu	a5,12(s0)
20003af0:	b7f7f793          	andi	a5,a5,-1153
20003af4:	0807e793          	ori	a5,a5,128
20003af8:	00f41623          	sh	a5,12(s0)
20003afc:	01a42823          	sw	s10,16(s0)
20003b00:	01242a23          	sw	s2,20(s0)
20003b04:	01bd0d33          	add	s10,s10,s11
20003b08:	41b90933          	sub	s2,s2,s11
20003b0c:	01a42023          	sw	s10,0(s0)
20003b10:	01242423          	sw	s2,8(s0)
20003b14:	00048d13          	mv	s10,s1
20003b18:	00048913          	mv	s2,s1
20003b1c:	00048d93          	mv	s11,s1
20003b20:	00042503          	lw	a0,0(s0)
20003b24:	000d8613          	mv	a2,s11
20003b28:	000b0593          	mv	a1,s6
20003b2c:	071000ef          	jal	2000439c <memmove>
20003b30:	00842783          	lw	a5,8(s0)
20003b34:	41a787b3          	sub	a5,a5,s10
20003b38:	00f42423          	sw	a5,8(s0)
20003b3c:	00042783          	lw	a5,0(s0)
20003b40:	01b787b3          	add	a5,a5,s11
20003b44:	00f42023          	sw	a5,0(s0)
20003b48:	008aa783          	lw	a5,8(s5)
20003b4c:	412787b3          	sub	a5,a5,s2
20003b50:	00faa423          	sw	a5,8(s5)
20003b54:	ce0786e3          	beqz	a5,20003840 <__sfvwrite_r+0x10>
20003b58:	012b0b33          	add	s6,s6,s2
20003b5c:	412484b3          	sub	s1,s1,s2
20003b60:	eddff06f          	j	20003a3c <__sfvwrite_r+0x20c>
20003b64:	00098513          	mv	a0,s3
20003b68:	0c9000ef          	jal	20004430 <_realloc_r>
20003b6c:	00050d13          	mv	s10,a0
20003b70:	f80516e3          	bnez	a0,20003afc <__sfvwrite_r+0x2cc>
20003b74:	01042583          	lw	a1,16(s0)
20003b78:	00098513          	mv	a0,s3
20003b7c:	9c1fe0ef          	jal	2000253c <_free_r>
20003b80:	00c45783          	lhu	a5,12(s0)
20003b84:	f7f7f793          	andi	a5,a5,-129
20003b88:	00f41623          	sh	a5,12(s0)
20003b8c:	f21ff06f          	j	20003aac <__sfvwrite_r+0x27c>
20003b90:	00048d13          	mv	s10,s1
20003b94:	f85ff06f          	j	20003b18 <__sfvwrite_r+0x2e8>
20003b98:	00048913          	mv	s2,s1
20003b9c:	f85ff06f          	j	20003b20 <__sfvwrite_r+0x2f0>
20003ba0:	01042783          	lw	a5,16(s0)
20003ba4:	00a7e663          	bltu	a5,a0,20003bb0 <__sfvwrite_r+0x380>
20003ba8:	01442683          	lw	a3,20(s0)
20003bac:	04d4f663          	bgeu	s1,a3,20003bf8 <__sfvwrite_r+0x3c8>
20003bb0:	000d0913          	mv	s2,s10
20003bb4:	01a4f463          	bgeu	s1,s10,20003bbc <__sfvwrite_r+0x38c>
20003bb8:	00048913          	mv	s2,s1
20003bbc:	00090613          	mv	a2,s2
20003bc0:	000b0593          	mv	a1,s6
20003bc4:	7d8000ef          	jal	2000439c <memmove>
20003bc8:	00842783          	lw	a5,8(s0)
20003bcc:	00042703          	lw	a4,0(s0)
20003bd0:	412787b3          	sub	a5,a5,s2
20003bd4:	01270733          	add	a4,a4,s2
20003bd8:	00f42423          	sw	a5,8(s0)
20003bdc:	00e42023          	sw	a4,0(s0)
20003be0:	f60794e3          	bnez	a5,20003b48 <__sfvwrite_r+0x318>
20003be4:	00040593          	mv	a1,s0
20003be8:	00098513          	mv	a0,s3
20003bec:	845ff0ef          	jal	20003430 <_fflush_r>
20003bf0:	f4050ce3          	beqz	a0,20003b48 <__sfvwrite_r+0x318>
20003bf4:	ec1ff06f          	j	20003ab4 <__sfvwrite_r+0x284>
20003bf8:	00048793          	mv	a5,s1
20003bfc:	009bf463          	bgeu	s7,s1,20003c04 <__sfvwrite_r+0x3d4>
20003c00:	000b8793          	mv	a5,s7
20003c04:	02d7c7b3          	div	a5,a5,a3
20003c08:	02842703          	lw	a4,40(s0)
20003c0c:	02042583          	lw	a1,32(s0)
20003c10:	000b0613          	mv	a2,s6
20003c14:	00098513          	mv	a0,s3
20003c18:	02d786b3          	mul	a3,a5,a3
20003c1c:	000700e7          	jalr	a4
20003c20:	00050913          	mv	s2,a0
20003c24:	f2a042e3          	bgtz	a0,20003b48 <__sfvwrite_r+0x318>
20003c28:	e8dff06f          	j	20003ab4 <__sfvwrite_r+0x284>
20003c2c:	000a2b03          	lw	s6,0(s4)
20003c30:	004a2903          	lw	s2,4(s4)
20003c34:	00000513          	li	a0,0
20003c38:	008a0a13          	addi	s4,s4,8
20003c3c:	cc5ff06f          	j	20003900 <__sfvwrite_r+0xd0>
20003c40:	02dc4263          	blt	s8,a3,20003c64 <__sfvwrite_r+0x434>
20003c44:	02842783          	lw	a5,40(s0)
20003c48:	02042583          	lw	a1,32(s0)
20003c4c:	000b0613          	mv	a2,s6
20003c50:	00098513          	mv	a0,s3
20003c54:	000780e7          	jalr	a5
20003c58:	00050493          	mv	s1,a0
20003c5c:	d0a04ee3          	bgtz	a0,20003978 <__sfvwrite_r+0x148>
20003c60:	e55ff06f          	j	20003ab4 <__sfvwrite_r+0x284>
20003c64:	000c0613          	mv	a2,s8
20003c68:	000b0593          	mv	a1,s6
20003c6c:	730000ef          	jal	2000439c <memmove>
20003c70:	00842783          	lw	a5,8(s0)
20003c74:	000c0493          	mv	s1,s8
20003c78:	418787b3          	sub	a5,a5,s8
20003c7c:	00f42423          	sw	a5,8(s0)
20003c80:	00042783          	lw	a5,0(s0)
20003c84:	018787b3          	add	a5,a5,s8
20003c88:	00f42023          	sw	a5,0(s0)
20003c8c:	cedff06f          	j	20003978 <__sfvwrite_r+0x148>

20003c90 <_fwalk_sglue>:
20003c90:	fd010113          	addi	sp,sp,-48
20003c94:	02812423          	sw	s0,40(sp)
20003c98:	03212023          	sw	s2,32(sp)
20003c9c:	01312e23          	sw	s3,28(sp)
20003ca0:	01412c23          	sw	s4,24(sp)
20003ca4:	01512a23          	sw	s5,20(sp)
20003ca8:	02112623          	sw	ra,44(sp)
20003cac:	02912223          	sw	s1,36(sp)
20003cb0:	00050a13          	mv	s4,a0
20003cb4:	00058a93          	mv	s5,a1
20003cb8:	00000413          	li	s0,0
20003cbc:	00100913          	li	s2,1
20003cc0:	fff00993          	li	s3,-1
20003cc4:	00862583          	lw	a1,8(a2)
20003cc8:	00462483          	lw	s1,4(a2)
20003ccc:	fff48493          	addi	s1,s1,-1
20003cd0:	0204da63          	bgez	s1,20003d04 <_fwalk_sglue+0x74>
20003cd4:	00062603          	lw	a2,0(a2)
20003cd8:	fe0616e3          	bnez	a2,20003cc4 <_fwalk_sglue+0x34>
20003cdc:	02c12083          	lw	ra,44(sp)
20003ce0:	00040513          	mv	a0,s0
20003ce4:	02812403          	lw	s0,40(sp)
20003ce8:	02412483          	lw	s1,36(sp)
20003cec:	02012903          	lw	s2,32(sp)
20003cf0:	01c12983          	lw	s3,28(sp)
20003cf4:	01812a03          	lw	s4,24(sp)
20003cf8:	01412a83          	lw	s5,20(sp)
20003cfc:	03010113          	addi	sp,sp,48
20003d00:	00008067          	ret
20003d04:	00c5d783          	lhu	a5,12(a1)
20003d08:	02f97463          	bgeu	s2,a5,20003d30 <_fwalk_sglue+0xa0>
20003d0c:	00e59783          	lh	a5,14(a1)
20003d10:	03378063          	beq	a5,s3,20003d30 <_fwalk_sglue+0xa0>
20003d14:	000a0513          	mv	a0,s4
20003d18:	00c12623          	sw	a2,12(sp)
20003d1c:	00b12423          	sw	a1,8(sp)
20003d20:	000a80e7          	jalr	s5
20003d24:	00c12603          	lw	a2,12(sp)
20003d28:	00812583          	lw	a1,8(sp)
20003d2c:	00a46433          	or	s0,s0,a0
20003d30:	06858593          	addi	a1,a1,104
20003d34:	f99ff06f          	j	20003ccc <_fwalk_sglue+0x3c>

20003d38 <__swhatbuf_r>:
20003d38:	f8010113          	addi	sp,sp,-128
20003d3c:	06812c23          	sw	s0,120(sp)
20003d40:	00058413          	mv	s0,a1
20003d44:	00e59583          	lh	a1,14(a1)
20003d48:	06912a23          	sw	s1,116(sp)
20003d4c:	06112e23          	sw	ra,124(sp)
20003d50:	00060493          	mv	s1,a2
20003d54:	0205da63          	bgez	a1,20003d88 <__swhatbuf_r+0x50>
20003d58:	00c45783          	lhu	a5,12(s0)
20003d5c:	0807f793          	andi	a5,a5,128
20003d60:	04079c63          	bnez	a5,20003db8 <__swhatbuf_r+0x80>
20003d64:	40000713          	li	a4,1024
20003d68:	07c12083          	lw	ra,124(sp)
20003d6c:	07812403          	lw	s0,120(sp)
20003d70:	00f6a023          	sw	a5,0(a3)
20003d74:	00e4a023          	sw	a4,0(s1)
20003d78:	00000513          	li	a0,0
20003d7c:	07412483          	lw	s1,116(sp)
20003d80:	08010113          	addi	sp,sp,128
20003d84:	00008067          	ret
20003d88:	01810613          	addi	a2,sp,24
20003d8c:	00d12623          	sw	a3,12(sp)
20003d90:	428000ef          	jal	200041b8 <_fstat_r>
20003d94:	00c12683          	lw	a3,12(sp)
20003d98:	fc0540e3          	bltz	a0,20003d58 <__swhatbuf_r+0x20>
20003d9c:	01c12783          	lw	a5,28(sp)
20003da0:	0000f737          	lui	a4,0xf
20003da4:	00e7f7b3          	and	a5,a5,a4
20003da8:	ffffe737          	lui	a4,0xffffe
20003dac:	00e787b3          	add	a5,a5,a4
20003db0:	0017b793          	seqz	a5,a5
20003db4:	fb1ff06f          	j	20003d64 <__swhatbuf_r+0x2c>
20003db8:	00000793          	li	a5,0
20003dbc:	04000713          	li	a4,64
20003dc0:	fa9ff06f          	j	20003d68 <__swhatbuf_r+0x30>

20003dc4 <__smakebuf_r>:
20003dc4:	00c5d703          	lhu	a4,12(a1)
20003dc8:	fd010113          	addi	sp,sp,-48
20003dcc:	02812423          	sw	s0,40(sp)
20003dd0:	02112623          	sw	ra,44(sp)
20003dd4:	02912223          	sw	s1,36(sp)
20003dd8:	00277713          	andi	a4,a4,2
20003ddc:	00058413          	mv	s0,a1
20003de0:	02070663          	beqz	a4,20003e0c <__smakebuf_r+0x48>
20003de4:	04740793          	addi	a5,s0,71
20003de8:	00f42023          	sw	a5,0(s0)
20003dec:	00f42823          	sw	a5,16(s0)
20003df0:	00100793          	li	a5,1
20003df4:	00f42a23          	sw	a5,20(s0)
20003df8:	02c12083          	lw	ra,44(sp)
20003dfc:	02812403          	lw	s0,40(sp)
20003e00:	02412483          	lw	s1,36(sp)
20003e04:	03010113          	addi	sp,sp,48
20003e08:	00008067          	ret
20003e0c:	01c10693          	addi	a3,sp,28
20003e10:	01810613          	addi	a2,sp,24
20003e14:	00050493          	mv	s1,a0
20003e18:	f21ff0ef          	jal	20003d38 <__swhatbuf_r>
20003e1c:	01812583          	lw	a1,24(sp)
20003e20:	00048513          	mv	a0,s1
20003e24:	00b12623          	sw	a1,12(sp)
20003e28:	8b9fe0ef          	jal	200026e0 <_malloc_r>
20003e2c:	00c41783          	lh	a5,12(s0)
20003e30:	00c12583          	lw	a1,12(sp)
20003e34:	00051e63          	bnez	a0,20003e50 <__smakebuf_r+0x8c>
20003e38:	2007f713          	andi	a4,a5,512
20003e3c:	fa071ee3          	bnez	a4,20003df8 <__smakebuf_r+0x34>
20003e40:	ffc7f793          	andi	a5,a5,-4
20003e44:	0027e793          	ori	a5,a5,2
20003e48:	00f41623          	sh	a5,12(s0)
20003e4c:	f99ff06f          	j	20003de4 <__smakebuf_r+0x20>
20003e50:	0807e793          	ori	a5,a5,128
20003e54:	00f41623          	sh	a5,12(s0)
20003e58:	01c12783          	lw	a5,28(sp)
20003e5c:	00a42023          	sw	a0,0(s0)
20003e60:	00a42823          	sw	a0,16(s0)
20003e64:	00b42a23          	sw	a1,20(s0)
20003e68:	f80788e3          	beqz	a5,20003df8 <__smakebuf_r+0x34>
20003e6c:	00e41583          	lh	a1,14(s0)
20003e70:	00048513          	mv	a0,s1
20003e74:	394000ef          	jal	20004208 <_isatty_r>
20003e78:	f80500e3          	beqz	a0,20003df8 <__smakebuf_r+0x34>
20003e7c:	00c45783          	lhu	a5,12(s0)
20003e80:	ffc7f793          	andi	a5,a5,-4
20003e84:	0017e793          	ori	a5,a5,1
20003e88:	00f41623          	sh	a5,12(s0)
20003e8c:	f6dff06f          	j	20003df8 <__smakebuf_r+0x34>

20003e90 <__sread>:
20003e90:	ff010113          	addi	sp,sp,-16
20003e94:	00812423          	sw	s0,8(sp)
20003e98:	00058413          	mv	s0,a1
20003e9c:	00e59583          	lh	a1,14(a1)
20003ea0:	00112623          	sw	ra,12(sp)
20003ea4:	404000ef          	jal	200042a8 <_read_r>
20003ea8:	02054063          	bltz	a0,20003ec8 <__sread+0x38>
20003eac:	05442783          	lw	a5,84(s0)
20003eb0:	00a787b3          	add	a5,a5,a0
20003eb4:	04f42a23          	sw	a5,84(s0)
20003eb8:	00c12083          	lw	ra,12(sp)
20003ebc:	00812403          	lw	s0,8(sp)
20003ec0:	01010113          	addi	sp,sp,16
20003ec4:	00008067          	ret
20003ec8:	00c45783          	lhu	a5,12(s0)
20003ecc:	fffff737          	lui	a4,0xfffff
20003ed0:	fff70713          	addi	a4,a4,-1 # ffffefff <__stack_top+0xdfff94e3>
20003ed4:	00e7f7b3          	and	a5,a5,a4
20003ed8:	00f41623          	sh	a5,12(s0)
20003edc:	fddff06f          	j	20003eb8 <__sread+0x28>

20003ee0 <__seofread>:
20003ee0:	00000513          	li	a0,0
20003ee4:	00008067          	ret

20003ee8 <__swrite>:
20003ee8:	00c5d783          	lhu	a5,12(a1)
20003eec:	fe010113          	addi	sp,sp,-32
20003ef0:	00812c23          	sw	s0,24(sp)
20003ef4:	00912a23          	sw	s1,20(sp)
20003ef8:	01212823          	sw	s2,16(sp)
20003efc:	01312623          	sw	s3,12(sp)
20003f00:	00112e23          	sw	ra,28(sp)
20003f04:	1007f793          	andi	a5,a5,256
20003f08:	00050493          	mv	s1,a0
20003f0c:	00058413          	mv	s0,a1
20003f10:	00060913          	mv	s2,a2
20003f14:	00068993          	mv	s3,a3
20003f18:	00078a63          	beqz	a5,20003f2c <__swrite+0x44>
20003f1c:	00e59583          	lh	a1,14(a1)
20003f20:	00200693          	li	a3,2
20003f24:	00000613          	li	a2,0
20003f28:	32c000ef          	jal	20004254 <_lseek_r>
20003f2c:	00c45783          	lhu	a5,12(s0)
20003f30:	fffff737          	lui	a4,0xfffff
20003f34:	fff70713          	addi	a4,a4,-1 # ffffefff <__stack_top+0xdfff94e3>
20003f38:	00e7f7b3          	and	a5,a5,a4
20003f3c:	00e41583          	lh	a1,14(s0)
20003f40:	00f41623          	sh	a5,12(s0)
20003f44:	01812403          	lw	s0,24(sp)
20003f48:	01c12083          	lw	ra,28(sp)
20003f4c:	00098693          	mv	a3,s3
20003f50:	00090613          	mv	a2,s2
20003f54:	00c12983          	lw	s3,12(sp)
20003f58:	01012903          	lw	s2,16(sp)
20003f5c:	00048513          	mv	a0,s1
20003f60:	01412483          	lw	s1,20(sp)
20003f64:	02010113          	addi	sp,sp,32
20003f68:	3e00006f          	j	20004348 <_write_r>

20003f6c <__sseek>:
20003f6c:	ff010113          	addi	sp,sp,-16
20003f70:	00812423          	sw	s0,8(sp)
20003f74:	00058413          	mv	s0,a1
20003f78:	00e59583          	lh	a1,14(a1)
20003f7c:	00112623          	sw	ra,12(sp)
20003f80:	2d4000ef          	jal	20004254 <_lseek_r>
20003f84:	fff00713          	li	a4,-1
20003f88:	00c41783          	lh	a5,12(s0)
20003f8c:	02e51263          	bne	a0,a4,20003fb0 <__sseek+0x44>
20003f90:	80050713          	addi	a4,a0,-2048
20003f94:	80070713          	addi	a4,a4,-2048
20003f98:	00e7f7b3          	and	a5,a5,a4
20003f9c:	00f41623          	sh	a5,12(s0)
20003fa0:	00c12083          	lw	ra,12(sp)
20003fa4:	00812403          	lw	s0,8(sp)
20003fa8:	01010113          	addi	sp,sp,16
20003fac:	00008067          	ret
20003fb0:	00001737          	lui	a4,0x1
20003fb4:	00e7e7b3          	or	a5,a5,a4
20003fb8:	00f41623          	sh	a5,12(s0)
20003fbc:	04a42a23          	sw	a0,84(s0)
20003fc0:	fe1ff06f          	j	20003fa0 <__sseek+0x34>

20003fc4 <__sclose>:
20003fc4:	00e59583          	lh	a1,14(a1)
20003fc8:	0280006f          	j	20003ff0 <_close_r>

20003fcc <memchr>:
20003fcc:	0ff5f593          	zext.b	a1,a1
20003fd0:	00c50633          	add	a2,a0,a2
20003fd4:	00c51663          	bne	a0,a2,20003fe0 <memchr+0x14>
20003fd8:	00000513          	li	a0,0
20003fdc:	00008067          	ret
20003fe0:	00054783          	lbu	a5,0(a0)
20003fe4:	feb78ce3          	beq	a5,a1,20003fdc <memchr+0x10>
20003fe8:	00150513          	addi	a0,a0,1
20003fec:	fe9ff06f          	j	20003fd4 <memchr+0x8>

20003ff0 <_close_r>:
20003ff0:	ff010113          	addi	sp,sp,-16
20003ff4:	00812423          	sw	s0,8(sp)
20003ff8:	00912223          	sw	s1,4(sp)
20003ffc:	20005437          	lui	s0,0x20005
20004000:	00050493          	mv	s1,a0
20004004:	00058513          	mv	a0,a1
20004008:	00112623          	sw	ra,12(sp)
2000400c:	f0042c23          	sw	zero,-232(s0) # 20004f18 <errno>
20004010:	b2cfd0ef          	jal	2000133c <_close>
20004014:	fff00793          	li	a5,-1
20004018:	00f51863          	bne	a0,a5,20004028 <_close_r+0x38>
2000401c:	f1842783          	lw	a5,-232(s0)
20004020:	00078463          	beqz	a5,20004028 <_close_r+0x38>
20004024:	00f4a023          	sw	a5,0(s1)
20004028:	00c12083          	lw	ra,12(sp)
2000402c:	00812403          	lw	s0,8(sp)
20004030:	00412483          	lw	s1,4(sp)
20004034:	01010113          	addi	sp,sp,16
20004038:	00008067          	ret

2000403c <_reclaim_reent>:
2000403c:	200057b7          	lui	a5,0x20005
20004040:	dc47a783          	lw	a5,-572(a5) # 20004dc4 <_impure_ptr>
20004044:	16a78863          	beq	a5,a0,200041b4 <_reclaim_reent+0x178>
20004048:	01c52783          	lw	a5,28(a0)
2000404c:	fe010113          	addi	sp,sp,-32
20004050:	00812c23          	sw	s0,24(sp)
20004054:	00112e23          	sw	ra,28(sp)
20004058:	00912a23          	sw	s1,20(sp)
2000405c:	01212823          	sw	s2,16(sp)
20004060:	01312623          	sw	s3,12(sp)
20004064:	00050413          	mv	s0,a0
20004068:	08078463          	beqz	a5,200040f0 <_reclaim_reent+0xb4>
2000406c:	00c7a783          	lw	a5,12(a5)
20004070:	02078c63          	beqz	a5,200040a8 <_reclaim_reent+0x6c>
20004074:	00000493          	li	s1,0
20004078:	08000913          	li	s2,128
2000407c:	01c42783          	lw	a5,28(s0)
20004080:	00c7a783          	lw	a5,12(a5)
20004084:	009787b3          	add	a5,a5,s1
20004088:	0007a583          	lw	a1,0(a5)
2000408c:	04059863          	bnez	a1,200040dc <_reclaim_reent+0xa0>
20004090:	00448493          	addi	s1,s1,4
20004094:	ff2494e3          	bne	s1,s2,2000407c <_reclaim_reent+0x40>
20004098:	01c42783          	lw	a5,28(s0)
2000409c:	00040513          	mv	a0,s0
200040a0:	00c7a583          	lw	a1,12(a5)
200040a4:	c98fe0ef          	jal	2000253c <_free_r>
200040a8:	01c42783          	lw	a5,28(s0)
200040ac:	0007a583          	lw	a1,0(a5)
200040b0:	00058663          	beqz	a1,200040bc <_reclaim_reent+0x80>
200040b4:	00040513          	mv	a0,s0
200040b8:	c84fe0ef          	jal	2000253c <_free_r>
200040bc:	01c42783          	lw	a5,28(s0)
200040c0:	0087a483          	lw	s1,8(a5)
200040c4:	02048663          	beqz	s1,200040f0 <_reclaim_reent+0xb4>
200040c8:	00048593          	mv	a1,s1
200040cc:	00040513          	mv	a0,s0
200040d0:	0004a483          	lw	s1,0(s1)
200040d4:	c68fe0ef          	jal	2000253c <_free_r>
200040d8:	fedff06f          	j	200040c4 <_reclaim_reent+0x88>
200040dc:	0005a983          	lw	s3,0(a1)
200040e0:	00040513          	mv	a0,s0
200040e4:	c58fe0ef          	jal	2000253c <_free_r>
200040e8:	00098593          	mv	a1,s3
200040ec:	fa1ff06f          	j	2000408c <_reclaim_reent+0x50>
200040f0:	01442583          	lw	a1,20(s0)
200040f4:	00058663          	beqz	a1,20004100 <_reclaim_reent+0xc4>
200040f8:	00040513          	mv	a0,s0
200040fc:	c40fe0ef          	jal	2000253c <_free_r>
20004100:	01c42583          	lw	a1,28(s0)
20004104:	00058663          	beqz	a1,20004110 <_reclaim_reent+0xd4>
20004108:	00040513          	mv	a0,s0
2000410c:	c30fe0ef          	jal	2000253c <_free_r>
20004110:	03042583          	lw	a1,48(s0)
20004114:	00058663          	beqz	a1,20004120 <_reclaim_reent+0xe4>
20004118:	00040513          	mv	a0,s0
2000411c:	c20fe0ef          	jal	2000253c <_free_r>
20004120:	03442583          	lw	a1,52(s0)
20004124:	00058663          	beqz	a1,20004130 <_reclaim_reent+0xf4>
20004128:	00040513          	mv	a0,s0
2000412c:	c10fe0ef          	jal	2000253c <_free_r>
20004130:	03842583          	lw	a1,56(s0)
20004134:	00058663          	beqz	a1,20004140 <_reclaim_reent+0x104>
20004138:	00040513          	mv	a0,s0
2000413c:	c00fe0ef          	jal	2000253c <_free_r>
20004140:	04842583          	lw	a1,72(s0)
20004144:	00058663          	beqz	a1,20004150 <_reclaim_reent+0x114>
20004148:	00040513          	mv	a0,s0
2000414c:	bf0fe0ef          	jal	2000253c <_free_r>
20004150:	04442583          	lw	a1,68(s0)
20004154:	00058663          	beqz	a1,20004160 <_reclaim_reent+0x124>
20004158:	00040513          	mv	a0,s0
2000415c:	be0fe0ef          	jal	2000253c <_free_r>
20004160:	02c42583          	lw	a1,44(s0)
20004164:	00058663          	beqz	a1,20004170 <_reclaim_reent+0x134>
20004168:	00040513          	mv	a0,s0
2000416c:	bd0fe0ef          	jal	2000253c <_free_r>
20004170:	02042783          	lw	a5,32(s0)
20004174:	02078263          	beqz	a5,20004198 <_reclaim_reent+0x15c>
20004178:	00040513          	mv	a0,s0
2000417c:	01812403          	lw	s0,24(sp)
20004180:	01c12083          	lw	ra,28(sp)
20004184:	01412483          	lw	s1,20(sp)
20004188:	01012903          	lw	s2,16(sp)
2000418c:	00c12983          	lw	s3,12(sp)
20004190:	02010113          	addi	sp,sp,32
20004194:	00078067          	jr	a5
20004198:	01c12083          	lw	ra,28(sp)
2000419c:	01812403          	lw	s0,24(sp)
200041a0:	01412483          	lw	s1,20(sp)
200041a4:	01012903          	lw	s2,16(sp)
200041a8:	00c12983          	lw	s3,12(sp)
200041ac:	02010113          	addi	sp,sp,32
200041b0:	00008067          	ret
200041b4:	00008067          	ret

200041b8 <_fstat_r>:
200041b8:	ff010113          	addi	sp,sp,-16
200041bc:	00812423          	sw	s0,8(sp)
200041c0:	00912223          	sw	s1,4(sp)
200041c4:	20005437          	lui	s0,0x20005
200041c8:	00050493          	mv	s1,a0
200041cc:	00058513          	mv	a0,a1
200041d0:	00060593          	mv	a1,a2
200041d4:	00112623          	sw	ra,12(sp)
200041d8:	f0042c23          	sw	zero,-232(s0) # 20004f18 <errno>
200041dc:	9c0fd0ef          	jal	2000139c <_fstat>
200041e0:	fff00793          	li	a5,-1
200041e4:	00f51863          	bne	a0,a5,200041f4 <_fstat_r+0x3c>
200041e8:	f1842783          	lw	a5,-232(s0)
200041ec:	00078463          	beqz	a5,200041f4 <_fstat_r+0x3c>
200041f0:	00f4a023          	sw	a5,0(s1)
200041f4:	00c12083          	lw	ra,12(sp)
200041f8:	00812403          	lw	s0,8(sp)
200041fc:	00412483          	lw	s1,4(sp)
20004200:	01010113          	addi	sp,sp,16
20004204:	00008067          	ret

20004208 <_isatty_r>:
20004208:	ff010113          	addi	sp,sp,-16
2000420c:	00812423          	sw	s0,8(sp)
20004210:	00912223          	sw	s1,4(sp)
20004214:	20005437          	lui	s0,0x20005
20004218:	00050493          	mv	s1,a0
2000421c:	00058513          	mv	a0,a1
20004220:	00112623          	sw	ra,12(sp)
20004224:	f0042c23          	sw	zero,-232(s0) # 20004f18 <errno>
20004228:	9e4fd0ef          	jal	2000140c <_isatty>
2000422c:	fff00793          	li	a5,-1
20004230:	00f51863          	bne	a0,a5,20004240 <_isatty_r+0x38>
20004234:	f1842783          	lw	a5,-232(s0)
20004238:	00078463          	beqz	a5,20004240 <_isatty_r+0x38>
2000423c:	00f4a023          	sw	a5,0(s1)
20004240:	00c12083          	lw	ra,12(sp)
20004244:	00812403          	lw	s0,8(sp)
20004248:	00412483          	lw	s1,4(sp)
2000424c:	01010113          	addi	sp,sp,16
20004250:	00008067          	ret

20004254 <_lseek_r>:
20004254:	ff010113          	addi	sp,sp,-16
20004258:	00812423          	sw	s0,8(sp)
2000425c:	00912223          	sw	s1,4(sp)
20004260:	20005437          	lui	s0,0x20005
20004264:	00050493          	mv	s1,a0
20004268:	00058513          	mv	a0,a1
2000426c:	00060593          	mv	a1,a2
20004270:	00068613          	mv	a2,a3
20004274:	00112623          	sw	ra,12(sp)
20004278:	f0042c23          	sw	zero,-232(s0) # 20004f18 <errno>
2000427c:	95cfd0ef          	jal	200013d8 <_lseek>
20004280:	fff00793          	li	a5,-1
20004284:	00f51863          	bne	a0,a5,20004294 <_lseek_r+0x40>
20004288:	f1842783          	lw	a5,-232(s0)
2000428c:	00078463          	beqz	a5,20004294 <_lseek_r+0x40>
20004290:	00f4a023          	sw	a5,0(s1)
20004294:	00c12083          	lw	ra,12(sp)
20004298:	00812403          	lw	s0,8(sp)
2000429c:	00412483          	lw	s1,4(sp)
200042a0:	01010113          	addi	sp,sp,16
200042a4:	00008067          	ret

200042a8 <_read_r>:
200042a8:	ff010113          	addi	sp,sp,-16
200042ac:	00812423          	sw	s0,8(sp)
200042b0:	00912223          	sw	s1,4(sp)
200042b4:	20005437          	lui	s0,0x20005
200042b8:	00050493          	mv	s1,a0
200042bc:	00058513          	mv	a0,a1
200042c0:	00060593          	mv	a1,a2
200042c4:	00068613          	mv	a2,a3
200042c8:	00112623          	sw	ra,12(sp)
200042cc:	f0042c23          	sw	zero,-232(s0) # 20004f18 <errno>
200042d0:	9d0fd0ef          	jal	200014a0 <_read>
200042d4:	fff00793          	li	a5,-1
200042d8:	00f51863          	bne	a0,a5,200042e8 <_read_r+0x40>
200042dc:	f1842783          	lw	a5,-232(s0)
200042e0:	00078463          	beqz	a5,200042e8 <_read_r+0x40>
200042e4:	00f4a023          	sw	a5,0(s1)
200042e8:	00c12083          	lw	ra,12(sp)
200042ec:	00812403          	lw	s0,8(sp)
200042f0:	00412483          	lw	s1,4(sp)
200042f4:	01010113          	addi	sp,sp,16
200042f8:	00008067          	ret

200042fc <_sbrk_r>:
200042fc:	ff010113          	addi	sp,sp,-16
20004300:	00812423          	sw	s0,8(sp)
20004304:	00912223          	sw	s1,4(sp)
20004308:	20005437          	lui	s0,0x20005
2000430c:	00050493          	mv	s1,a0
20004310:	00058513          	mv	a0,a1
20004314:	00112623          	sw	ra,12(sp)
20004318:	f0042c23          	sw	zero,-232(s0) # 20004f18 <errno>
2000431c:	cd1fc0ef          	jal	20000fec <_sbrk>
20004320:	fff00793          	li	a5,-1
20004324:	00f51863          	bne	a0,a5,20004334 <_sbrk_r+0x38>
20004328:	f1842783          	lw	a5,-232(s0)
2000432c:	00078463          	beqz	a5,20004334 <_sbrk_r+0x38>
20004330:	00f4a023          	sw	a5,0(s1)
20004334:	00c12083          	lw	ra,12(sp)
20004338:	00812403          	lw	s0,8(sp)
2000433c:	00412483          	lw	s1,4(sp)
20004340:	01010113          	addi	sp,sp,16
20004344:	00008067          	ret

20004348 <_write_r>:
20004348:	ff010113          	addi	sp,sp,-16
2000434c:	00812423          	sw	s0,8(sp)
20004350:	00912223          	sw	s1,4(sp)
20004354:	20005437          	lui	s0,0x20005
20004358:	00050493          	mv	s1,a0
2000435c:	00058513          	mv	a0,a1
20004360:	00060593          	mv	a1,a2
20004364:	00068613          	mv	a2,a3
20004368:	00112623          	sw	ra,12(sp)
2000436c:	f0042c23          	sw	zero,-232(s0) # 20004f18 <errno>
20004370:	8c8fd0ef          	jal	20001438 <_write>
20004374:	fff00793          	li	a5,-1
20004378:	00f51863          	bne	a0,a5,20004388 <_write_r+0x40>
2000437c:	f1842783          	lw	a5,-232(s0)
20004380:	00078463          	beqz	a5,20004388 <_write_r+0x40>
20004384:	00f4a023          	sw	a5,0(s1)
20004388:	00c12083          	lw	ra,12(sp)
2000438c:	00812403          	lw	s0,8(sp)
20004390:	00412483          	lw	s1,4(sp)
20004394:	01010113          	addi	sp,sp,16
20004398:	00008067          	ret

2000439c <memmove>:
2000439c:	02060c63          	beqz	a2,200043d4 <memmove+0x38>
200043a0:	00050313          	mv	t1,a0
200043a4:	00100693          	li	a3,1
200043a8:	00b56a63          	bltu	a0,a1,200043bc <memmove+0x20>
200043ac:	fff00693          	li	a3,-1
200043b0:	fff60713          	addi	a4,a2,-1
200043b4:	00e30333          	add	t1,t1,a4
200043b8:	00e585b3          	add	a1,a1,a4
200043bc:	00058383          	lb	t2,0(a1)
200043c0:	00730023          	sb	t2,0(t1) # 1000000 <_start-0x1f000000>
200043c4:	fff60613          	addi	a2,a2,-1
200043c8:	00d30333          	add	t1,t1,a3
200043cc:	00d585b3          	add	a1,a1,a3
200043d0:	fe0616e3          	bnez	a2,200043bc <memmove+0x20>
200043d4:	00008067          	ret

200043d8 <memset>:
200043d8:	00050313          	mv	t1,a0
200043dc:	00060a63          	beqz	a2,200043f0 <memset+0x18>
200043e0:	00b30023          	sb	a1,0(t1)
200043e4:	fff60613          	addi	a2,a2,-1
200043e8:	00130313          	addi	t1,t1,1
200043ec:	fe061ae3          	bnez	a2,200043e0 <memset+0x8>
200043f0:	00008067          	ret

200043f4 <memcpy>:
200043f4:	00050313          	mv	t1,a0
200043f8:	00060e63          	beqz	a2,20004414 <memcpy+0x20>
200043fc:	00058383          	lb	t2,0(a1)
20004400:	00730023          	sb	t2,0(t1)
20004404:	fff60613          	addi	a2,a2,-1
20004408:	00130313          	addi	t1,t1,1
2000440c:	00158593          	addi	a1,a1,1
20004410:	fe0616e3          	bnez	a2,200043fc <memcpy+0x8>
20004414:	00008067          	ret

20004418 <abort>:
20004418:	ff010113          	addi	sp,sp,-16
2000441c:	00600513          	li	a0,6
20004420:	00112623          	sw	ra,12(sp)
20004424:	2e8000ef          	jal	2000470c <raise>
20004428:	00100513          	li	a0,1
2000442c:	ecdfc0ef          	jal	200012f8 <_exit>

20004430 <_realloc_r>:
20004430:	00059663          	bnez	a1,2000443c <_realloc_r+0xc>
20004434:	00060593          	mv	a1,a2
20004438:	aa8fe06f          	j	200026e0 <_malloc_r>
2000443c:	fe010113          	addi	sp,sp,-32
20004440:	00812c23          	sw	s0,24(sp)
20004444:	01412423          	sw	s4,8(sp)
20004448:	00112e23          	sw	ra,28(sp)
2000444c:	00912a23          	sw	s1,20(sp)
20004450:	01212823          	sw	s2,16(sp)
20004454:	01312623          	sw	s3,12(sp)
20004458:	00060413          	mv	s0,a2
2000445c:	00050a13          	mv	s4,a0
20004460:	02061863          	bnez	a2,20004490 <_realloc_r+0x60>
20004464:	8d8fe0ef          	jal	2000253c <_free_r>
20004468:	00000493          	li	s1,0
2000446c:	01c12083          	lw	ra,28(sp)
20004470:	01812403          	lw	s0,24(sp)
20004474:	01012903          	lw	s2,16(sp)
20004478:	00c12983          	lw	s3,12(sp)
2000447c:	00812a03          	lw	s4,8(sp)
20004480:	00048513          	mv	a0,s1
20004484:	01412483          	lw	s1,20(sp)
20004488:	02010113          	addi	sp,sp,32
2000448c:	00008067          	ret
20004490:	00058493          	mv	s1,a1
20004494:	30c000ef          	jal	200047a0 <_malloc_usable_size_r>
20004498:	00050913          	mv	s2,a0
2000449c:	00856663          	bltu	a0,s0,200044a8 <_realloc_r+0x78>
200044a0:	00155793          	srli	a5,a0,0x1
200044a4:	fc87e4e3          	bltu	a5,s0,2000446c <_realloc_r+0x3c>
200044a8:	00040593          	mv	a1,s0
200044ac:	000a0513          	mv	a0,s4
200044b0:	a30fe0ef          	jal	200026e0 <_malloc_r>
200044b4:	00050993          	mv	s3,a0
200044b8:	00051663          	bnez	a0,200044c4 <_realloc_r+0x94>
200044bc:	00098493          	mv	s1,s3
200044c0:	fadff06f          	j	2000446c <_realloc_r+0x3c>
200044c4:	00040613          	mv	a2,s0
200044c8:	00897463          	bgeu	s2,s0,200044d0 <_realloc_r+0xa0>
200044cc:	00090613          	mv	a2,s2
200044d0:	00048593          	mv	a1,s1
200044d4:	00098513          	mv	a0,s3
200044d8:	f1dff0ef          	jal	200043f4 <memcpy>
200044dc:	00048593          	mv	a1,s1
200044e0:	000a0513          	mv	a0,s4
200044e4:	858fe0ef          	jal	2000253c <_free_r>
200044e8:	fd5ff06f          	j	200044bc <_realloc_r+0x8c>

200044ec <_init_signal_r>:
200044ec:	03c52703          	lw	a4,60(a0)
200044f0:	04071663          	bnez	a4,2000453c <_init_signal_r+0x50>
200044f4:	fe010113          	addi	sp,sp,-32
200044f8:	08000593          	li	a1,128
200044fc:	00112e23          	sw	ra,28(sp)
20004500:	00a12623          	sw	a0,12(sp)
20004504:	9dcfe0ef          	jal	200026e0 <_malloc_r>
20004508:	00c12783          	lw	a5,12(sp)
2000450c:	02a7ae23          	sw	a0,60(a5)
20004510:	fff00793          	li	a5,-1
20004514:	00050c63          	beqz	a0,2000452c <_init_signal_r+0x40>
20004518:	08050793          	addi	a5,a0,128
2000451c:	00052023          	sw	zero,0(a0)
20004520:	00450513          	addi	a0,a0,4
20004524:	fef51ce3          	bne	a0,a5,2000451c <_init_signal_r+0x30>
20004528:	00000793          	li	a5,0
2000452c:	01c12083          	lw	ra,28(sp)
20004530:	00078513          	mv	a0,a5
20004534:	02010113          	addi	sp,sp,32
20004538:	00008067          	ret
2000453c:	00000793          	li	a5,0
20004540:	00078513          	mv	a0,a5
20004544:	00008067          	ret

20004548 <_signal_r>:
20004548:	01f00713          	li	a4,31
2000454c:	00b77a63          	bgeu	a4,a1,20004560 <_signal_r+0x18>
20004550:	01600713          	li	a4,22
20004554:	00e52023          	sw	a4,0(a0)
20004558:	fff00513          	li	a0,-1
2000455c:	00008067          	ret
20004560:	03c52703          	lw	a4,60(a0)
20004564:	02070e63          	beqz	a4,200045a0 <_signal_r+0x58>
20004568:	03c52783          	lw	a5,60(a0)
2000456c:	00259593          	slli	a1,a1,0x2
20004570:	00b787b3          	add	a5,a5,a1
20004574:	0007a503          	lw	a0,0(a5)
20004578:	00c7a023          	sw	a2,0(a5)
2000457c:	00008067          	ret
20004580:	03c7a783          	lw	a5,60(a5)
20004584:	00259593          	slli	a1,a1,0x2
20004588:	00b787b3          	add	a5,a5,a1
2000458c:	0007a503          	lw	a0,0(a5)
20004590:	00c7a023          	sw	a2,0(a5)
20004594:	01c12083          	lw	ra,28(sp)
20004598:	02010113          	addi	sp,sp,32
2000459c:	00008067          	ret
200045a0:	fe010113          	addi	sp,sp,-32
200045a4:	00c12623          	sw	a2,12(sp)
200045a8:	00b12423          	sw	a1,8(sp)
200045ac:	00112e23          	sw	ra,28(sp)
200045b0:	00a12223          	sw	a0,4(sp)
200045b4:	f39ff0ef          	jal	200044ec <_init_signal_r>
200045b8:	00412783          	lw	a5,4(sp)
200045bc:	00812583          	lw	a1,8(sp)
200045c0:	00c12603          	lw	a2,12(sp)
200045c4:	fa050ee3          	beqz	a0,20004580 <_signal_r+0x38>
200045c8:	fff00513          	li	a0,-1
200045cc:	fc9ff06f          	j	20004594 <_signal_r+0x4c>

200045d0 <_raise_r>:
200045d0:	01f00793          	li	a5,31
200045d4:	00b7fa63          	bgeu	a5,a1,200045e8 <_raise_r+0x18>
200045d8:	01600793          	li	a5,22
200045dc:	00f52023          	sw	a5,0(a0)
200045e0:	fff00513          	li	a0,-1
200045e4:	00008067          	ret
200045e8:	03c52783          	lw	a5,60(a0)
200045ec:	fe010113          	addi	sp,sp,-32
200045f0:	00812c23          	sw	s0,24(sp)
200045f4:	00112e23          	sw	ra,28(sp)
200045f8:	00058613          	mv	a2,a1
200045fc:	00050413          	mv	s0,a0
20004600:	00078a63          	beqz	a5,20004614 <_raise_r+0x44>
20004604:	00259713          	slli	a4,a1,0x2
20004608:	00e787b3          	add	a5,a5,a4
2000460c:	0007a703          	lw	a4,0(a5)
20004610:	02071663          	bnez	a4,2000463c <_raise_r+0x6c>
20004614:	00040513          	mv	a0,s0
20004618:	00c12623          	sw	a2,12(sp)
2000461c:	180000ef          	jal	2000479c <_getpid_r>
20004620:	00050593          	mv	a1,a0
20004624:	00040513          	mv	a0,s0
20004628:	01812403          	lw	s0,24(sp)
2000462c:	00c12603          	lw	a2,12(sp)
20004630:	01c12083          	lw	ra,28(sp)
20004634:	02010113          	addi	sp,sp,32
20004638:	1140006f          	j	2000474c <_kill_r>
2000463c:	00100513          	li	a0,1
20004640:	02a70863          	beq	a4,a0,20004670 <_raise_r+0xa0>
20004644:	fff00693          	li	a3,-1
20004648:	00d71e63          	bne	a4,a3,20004664 <_raise_r+0x94>
2000464c:	01600793          	li	a5,22
20004650:	00f42023          	sw	a5,0(s0)
20004654:	01c12083          	lw	ra,28(sp)
20004658:	01812403          	lw	s0,24(sp)
2000465c:	02010113          	addi	sp,sp,32
20004660:	00008067          	ret
20004664:	0007a023          	sw	zero,0(a5)
20004668:	00058513          	mv	a0,a1
2000466c:	000700e7          	jalr	a4 # 1000 <_start-0x1ffff000>
20004670:	00000513          	li	a0,0
20004674:	fe1ff06f          	j	20004654 <_raise_r+0x84>

20004678 <__sigtramp_r>:
20004678:	01f00793          	li	a5,31
2000467c:	00b7f663          	bgeu	a5,a1,20004688 <__sigtramp_r+0x10>
20004680:	fff00513          	li	a0,-1
20004684:	00008067          	ret
20004688:	03c52783          	lw	a5,60(a0)
2000468c:	ff010113          	addi	sp,sp,-16
20004690:	00812423          	sw	s0,8(sp)
20004694:	00912223          	sw	s1,4(sp)
20004698:	00112623          	sw	ra,12(sp)
2000469c:	00050493          	mv	s1,a0
200046a0:	00058413          	mv	s0,a1
200046a4:	04078463          	beqz	a5,200046ec <__sigtramp_r+0x74>
200046a8:	03c4a703          	lw	a4,60(s1)
200046ac:	00241793          	slli	a5,s0,0x2
200046b0:	00100513          	li	a0,1
200046b4:	00f70733          	add	a4,a4,a5
200046b8:	00072783          	lw	a5,0(a4)
200046bc:	02078e63          	beqz	a5,200046f8 <__sigtramp_r+0x80>
200046c0:	fff00693          	li	a3,-1
200046c4:	00200513          	li	a0,2
200046c8:	02d78863          	beq	a5,a3,200046f8 <__sigtramp_r+0x80>
200046cc:	00100693          	li	a3,1
200046d0:	00300513          	li	a0,3
200046d4:	02d78263          	beq	a5,a3,200046f8 <__sigtramp_r+0x80>
200046d8:	00040513          	mv	a0,s0
200046dc:	00072023          	sw	zero,0(a4)
200046e0:	000780e7          	jalr	a5
200046e4:	00000513          	li	a0,0
200046e8:	0100006f          	j	200046f8 <__sigtramp_r+0x80>
200046ec:	e01ff0ef          	jal	200044ec <_init_signal_r>
200046f0:	fa050ce3          	beqz	a0,200046a8 <__sigtramp_r+0x30>
200046f4:	fff00513          	li	a0,-1
200046f8:	00c12083          	lw	ra,12(sp)
200046fc:	00812403          	lw	s0,8(sp)
20004700:	00412483          	lw	s1,4(sp)
20004704:	01010113          	addi	sp,sp,16
20004708:	00008067          	ret

2000470c <raise>:
2000470c:	200057b7          	lui	a5,0x20005
20004710:	00050593          	mv	a1,a0
20004714:	dc47a503          	lw	a0,-572(a5) # 20004dc4 <_impure_ptr>
20004718:	eb9ff06f          	j	200045d0 <_raise_r>

2000471c <signal>:
2000471c:	200057b7          	lui	a5,0x20005
20004720:	00058613          	mv	a2,a1
20004724:	00050593          	mv	a1,a0
20004728:	dc47a503          	lw	a0,-572(a5) # 20004dc4 <_impure_ptr>
2000472c:	e1dff06f          	j	20004548 <_signal_r>

20004730 <_init_signal>:
20004730:	200057b7          	lui	a5,0x20005
20004734:	dc47a503          	lw	a0,-572(a5) # 20004dc4 <_impure_ptr>
20004738:	db5ff06f          	j	200044ec <_init_signal_r>

2000473c <__sigtramp>:
2000473c:	200057b7          	lui	a5,0x20005
20004740:	00050593          	mv	a1,a0
20004744:	dc47a503          	lw	a0,-572(a5) # 20004dc4 <_impure_ptr>
20004748:	f31ff06f          	j	20004678 <__sigtramp_r>

2000474c <_kill_r>:
2000474c:	ff010113          	addi	sp,sp,-16
20004750:	00812423          	sw	s0,8(sp)
20004754:	00912223          	sw	s1,4(sp)
20004758:	20005437          	lui	s0,0x20005
2000475c:	00050493          	mv	s1,a0
20004760:	00058513          	mv	a0,a1
20004764:	00060593          	mv	a1,a2
20004768:	00112623          	sw	ra,12(sp)
2000476c:	f0042c23          	sw	zero,-232(s0) # 20004f18 <errno>
20004770:	dd1fc0ef          	jal	20001540 <_kill>
20004774:	fff00793          	li	a5,-1
20004778:	00f51863          	bne	a0,a5,20004788 <_kill_r+0x3c>
2000477c:	f1842783          	lw	a5,-232(s0)
20004780:	00078463          	beqz	a5,20004788 <_kill_r+0x3c>
20004784:	00f4a023          	sw	a5,0(s1)
20004788:	00c12083          	lw	ra,12(sp)
2000478c:	00812403          	lw	s0,8(sp)
20004790:	00412483          	lw	s1,4(sp)
20004794:	01010113          	addi	sp,sp,16
20004798:	00008067          	ret

2000479c <_getpid_r>:
2000479c:	d7dfc06f          	j	20001518 <_getpid>

200047a0 <_malloc_usable_size_r>:
200047a0:	ffc5a783          	lw	a5,-4(a1)
200047a4:	ffc78513          	addi	a0,a5,-4
200047a8:	0007d863          	bgez	a5,200047b8 <_malloc_usable_size_r+0x18>
200047ac:	00a585b3          	add	a1,a1,a0
200047b0:	0005a783          	lw	a5,0(a1)
200047b4:	00f50533          	add	a0,a0,a5
200047b8:	00008067          	ret
200047bc:	656d6147          	.insn	4, 0x656d6147
200047c0:	4f20                	.insn	2, 0x4f20
200047c2:	6576                	.insn	2, 0x6576
200047c4:	2172                	.insn	2, 0x2172
200047c6:	5920                	.insn	2, 0x5920
200047c8:	2072756f          	jal	a0,2002c1ce <__stack_top+0x266b2>
200047cc:	726f6373          	csrrsi	t1,mhpmevent6h,30
200047d0:	2065                	.insn	2, 0x2065
200047d2:	7369                	.insn	2, 0x7369
200047d4:	2520                	.insn	2, 0x2520
200047d6:	0a64                	.insn	2, 0x0a64
200047d8:	0000                	.insn	2, 0x0000
200047da:	0000                	.insn	2, 0x0000
200047dc:	63656843          	.insn	4, 0x63656843
200047e0:	676e696b          	.insn	4, 0x676e696b
200047e4:	6120                	.insn	2, 0x6120
200047e6:	67697373          	csrrci	t1,0x676,18
200047ea:	6d6e                	.insn	2, 0x6d6e
200047ec:	6e65                	.insn	2, 0x6e65
200047ee:	2074                	.insn	2, 0x2074
200047f0:	2e31                	.insn	2, 0x2e31
200047f2:	2e31                	.insn	2, 0x2e31
200047f4:	2e2e                	.insn	2, 0x2e2e
200047f6:	0000                	.insn	2, 0x0000
200047f8:	5f4b5453          	.insn	4, 0x5f4b5453
200047fc:	524c5443          	.insn	4, 0x524c5443
20004800:	6920                	.insn	2, 0x6920
20004802:	6f6e2073          	csrs	0x6f6,t3
20004806:	2074                	.insn	2, 0x2074
20004808:	7270                	.insn	2, 0x7270
2000480a:	7265706f          	j	2005bf30 <__stack_top+0x56414>
2000480e:	796c                	.insn	2, 0x796c
20004810:	7720                	.insn	2, 0x7720
20004812:	6972                	.insn	2, 0x6972
20004814:	7474                	.insn	2, 0x7474
20004816:	6e65                	.insn	2, 0x6e65
20004818:	002e                	.insn	2, 0x002e
2000481a:	0000                	.insn	2, 0x0000
2000481c:	460a                	.insn	2, 0x460a
2000481e:	4941                	.insn	2, 0x4941
20004820:	454c                	.insn	2, 0x454c
20004822:	3a44                	.insn	2, 0x3a44
20004824:	2520                	.insn	2, 0x2520
20004826:	54530073          	.insn	4, 0x54530073
2000482a:	52535f4b          	.insn	4, 0x52535f4b
2000482e:	6920                	.insn	2, 0x6920
20004830:	6f6e2073          	csrs	0x6f6,t3
20004834:	2074                	.insn	2, 0x2074
20004836:	7270                	.insn	2, 0x7270
20004838:	7265706f          	j	2005bf5e <__stack_top+0x56442>
2000483c:	796c                	.insn	2, 0x796c
2000483e:	7720                	.insn	2, 0x7720
20004840:	6972                	.insn	2, 0x6972
20004842:	7474                	.insn	2, 0x7474
20004844:	6e65                	.insn	2, 0x6e65
20004846:	002e                	.insn	2, 0x002e
20004848:	5f4b5453          	.insn	4, 0x5f4b5453
2000484c:	4c544e43          	.insn	4, 0x4c544e43
20004850:	6920                	.insn	2, 0x6920
20004852:	6f6e2073          	csrs	0x6f6,t3
20004856:	2074                	.insn	2, 0x2074
20004858:	7270                	.insn	2, 0x7270
2000485a:	7265706f          	j	2005bf80 <__stack_top+0x56464>
2000485e:	796c                	.insn	2, 0x796c
20004860:	7720                	.insn	2, 0x7720
20004862:	6972                	.insn	2, 0x6972
20004864:	7474                	.insn	2, 0x7474
20004866:	6e65                	.insn	2, 0x6e65
20004868:	002e                	.insn	2, 0x002e
2000486a:	0000                	.insn	2, 0x0000
2000486c:	5f4b5453          	.insn	4, 0x5f4b5453
20004870:	48544e43          	fmadd.s	ft8,fs0,ft5,fs1,rmm
20004874:	6920                	.insn	2, 0x6920
20004876:	6f6e2073          	csrs	0x6f6,t3
2000487a:	2074                	.insn	2, 0x2074
2000487c:	7270                	.insn	2, 0x7270
2000487e:	7265706f          	j	2005bfa4 <__stack_top+0x56488>
20004882:	796c                	.insn	2, 0x796c
20004884:	7720                	.insn	2, 0x7720
20004886:	6972                	.insn	2, 0x6972
20004888:	7474                	.insn	2, 0x7474
2000488a:	6e65                	.insn	2, 0x6e65
2000488c:	002e                	.insn	2, 0x002e
2000488e:	0000                	.insn	2, 0x0000
20004890:	5f4b5453          	.insn	4, 0x5f4b5453
20004894:	4c504d43          	.insn	4, 0x4c504d43
20004898:	6920                	.insn	2, 0x6920
2000489a:	6f6e2073          	csrs	0x6f6,t3
2000489e:	2074                	.insn	2, 0x2074
200048a0:	7270                	.insn	2, 0x7270
200048a2:	7265706f          	j	2005bfc8 <__stack_top+0x564ac>
200048a6:	796c                	.insn	2, 0x796c
200048a8:	7720                	.insn	2, 0x7720
200048aa:	6972                	.insn	2, 0x6972
200048ac:	7474                	.insn	2, 0x7474
200048ae:	6e65                	.insn	2, 0x6e65
200048b0:	002e                	.insn	2, 0x002e
200048b2:	0000                	.insn	2, 0x0000
200048b4:	5f4b5453          	.insn	4, 0x5f4b5453
200048b8:	48504d43          	fmadd.s	fs10,ft0,ft5,fs1,rmm
200048bc:	6920                	.insn	2, 0x6920
200048be:	6f6e2073          	csrs	0x6f6,t3
200048c2:	2074                	.insn	2, 0x2074
200048c4:	7270                	.insn	2, 0x7270
200048c6:	7265706f          	j	2005bfec <__stack_top+0x564d0>
200048ca:	796c                	.insn	2, 0x796c
200048cc:	7720                	.insn	2, 0x7720
200048ce:	6972                	.insn	2, 0x6972
200048d0:	7474                	.insn	2, 0x7474
200048d2:	6e65                	.insn	2, 0x6e65
200048d4:	002e                	.insn	2, 0x002e
200048d6:	0000                	.insn	2, 0x0000
200048d8:	4150                	.insn	2, 0x4150
200048da:	44455353          	.insn	4, 0x44455353
200048de:	0021                	.insn	2, 0x0021
200048e0:	63656843          	.insn	4, 0x63656843
200048e4:	676e696b          	.insn	4, 0x676e696b
200048e8:	6120                	.insn	2, 0x6120
200048ea:	67697373          	csrrci	t1,0x676,18
200048ee:	6d6e                	.insn	2, 0x6d6e
200048f0:	6e65                	.insn	2, 0x6e65
200048f2:	2074                	.insn	2, 0x2074
200048f4:	2e32                	.insn	2, 0x2e32
200048f6:	2e31                	.insn	2, 0x2e31
200048f8:	2e2e                	.insn	2, 0x2e2e
200048fa:	0000                	.insn	2, 0x0000
200048fc:	74737953          	.insn	4, 0x74737953
20004900:	6369                	.insn	2, 0x6369
20004902:	6e69206b          	.insn	4, 0x6e69206b
20004906:	6574                	.insn	2, 0x6574
20004908:	7272                	.insn	2, 0x7272
2000490a:	7075                	.insn	2, 0x7075
2000490c:	2074                	.insn	2, 0x2074
2000490e:	7369                	.insn	2, 0x7369
20004910:	6e20                	.insn	2, 0x6e20
20004912:	6520746f          	jal	s0,2000bf64 <__stack_top+0x6448>
20004916:	616e                	.insn	2, 0x616e
20004918:	6c62                	.insn	2, 0x6c62
2000491a:	6465                	.insn	2, 0x6465
2000491c:	6920                	.insn	2, 0x6920
2000491e:	206e                	.insn	2, 0x206e
20004920:	4650                	.insn	2, 0x4650
20004922:	4349                	.insn	2, 0x4349
20004924:	002e                	.insn	2, 0x002e
20004926:	0000                	.insn	2, 0x0000
20004928:	74737953          	.insn	4, 0x74737953
2000492c:	6369                	.insn	2, 0x6369
2000492e:	61485f6b          	.insn	4, 0x61485f6b
20004932:	646e                	.insn	2, 0x646e
20004934:	656c                	.insn	2, 0x656c
20004936:	2072                	.insn	2, 0x2072
20004938:	7369                	.insn	2, 0x7369
2000493a:	6e20                	.insn	2, 0x6e20
2000493c:	7020746f          	jal	s0,2000c03e <__stack_top+0x6522>
20004940:	6f72                	.insn	2, 0x6f72
20004942:	6570                	.insn	2, 0x6570
20004944:	6c72                	.insn	2, 0x6c72
20004946:	2079                	.insn	2, 0x2079
20004948:	20746573          	csrrsi	a0,0x207,8
2000494c:	6e69                	.insn	2, 0x6e69
2000494e:	6d20                	.insn	2, 0x6d20
20004950:	7674                	.insn	2, 0x7674
20004952:	6365                	.insn	2, 0x6365
20004954:	002e                	.insn	2, 0x002e
20004956:	0000                	.insn	2, 0x0000
20004958:	63656843          	.insn	4, 0x63656843
2000495c:	676e696b          	.insn	4, 0x676e696b
20004960:	6120                	.insn	2, 0x6120
20004962:	67697373          	csrrci	t1,0x676,18
20004966:	6d6e                	.insn	2, 0x6d6e
20004968:	6e65                	.insn	2, 0x6e65
2000496a:	2074                	.insn	2, 0x2074
2000496c:	2e32                	.insn	2, 0x2e32
2000496e:	2e2e2e33          	.insn	4, 0x2e2e2e33
20004972:	0000                	.insn	2, 0x0000
20004974:	4e49                	.insn	2, 0x4e49
20004976:	5449                	.insn	2, 0x5449
20004978:	6920                	.insn	2, 0x6920
2000497a:	6f6e2073          	csrs	0x6f6,t3
2000497e:	2074                	.insn	2, 0x2074
20004980:	2c746573          	csrrsi	a0,0x2c7,8
20004984:	7320                	.insn	2, 0x7320
20004986:	6874206f          	j	2004780c <__stack_top+0x41cf0>
2000498a:	2065                	.insn	2, 0x2065
2000498c:	6974                	.insn	2, 0x6974
2000498e:	656d                	.insn	2, 0x656d
20004990:	2072                	.insn	2, 0x2072
20004992:	696d                	.insn	2, 0x696d
20004994:	20746867          	.insn	4, 0x20746867
20004998:	6f6e                	.insn	2, 0x6f6e
2000499a:	2074                	.insn	2, 0x2074
2000499c:	72617473          	csrrci	s0,mhpmevent6h,2
200049a0:	2074                	.insn	2, 0x2074
200049a2:	30206e6f          	jal	t3,2000aca4 <__stack_top+0x5188>
200049a6:	002e                	.insn	2, 0x002e
200049a8:	45525453          	.insn	4, 0x45525453
200049ac:	6920                	.insn	2, 0x6920
200049ae:	6f6e2073          	csrs	0x6f6,t3
200049b2:	2074                	.insn	2, 0x2074
200049b4:	2c746573          	csrrsi	a0,0x2c7,8
200049b8:	7320                	.insn	2, 0x7320
200049ba:	6874206f          	j	20047840 <__stack_top+0x41d24>
200049be:	2065                	.insn	2, 0x2065
200049c0:	6974                	.insn	2, 0x6974
200049c2:	656d                	.insn	2, 0x656d
200049c4:	2072                	.insn	2, 0x2072
200049c6:	6c6c6977          	.insn	4, 0x6c6c6977
200049ca:	6e20                	.insn	2, 0x6e20
200049cc:	7220746f          	jal	s0,2000c0ee <__stack_top+0x65d2>
200049d0:	6c65                	.insn	2, 0x6c65
200049d2:	2e64616f          	jal	sp,2004acb8 <__stack_top+0x4519c>
200049d6:	0000                	.insn	2, 0x0000
200049d8:	4c435453          	.insn	4, 0x4c435453
200049dc:	7369204b          	.insn	4, 0x7369204b
200049e0:	6e20                	.insn	2, 0x6e20
200049e2:	7320746f          	jal	s0,2000c114 <__stack_top+0x65f8>
200049e6:	7465                	.insn	2, 0x7465
200049e8:	202c                	.insn	2, 0x202c
200049ea:	74206f73          	csrrsi	t5,mncause,0
200049ee:	6568                	.insn	2, 0x6568
200049f0:	7420                	.insn	2, 0x7420
200049f2:	6d69                	.insn	2, 0x6d69
200049f4:	7265                	.insn	2, 0x7265
200049f6:	7720                	.insn	2, 0x7720
200049f8:	6c69                	.insn	2, 0x6c69
200049fa:	206c                	.insn	2, 0x206c
200049fc:	7375                	.insn	2, 0x7375
200049fe:	2065                	.insn	2, 0x2065
20004a00:	3431                	.insn	2, 0x3431
20004a02:	2f38                	.insn	2, 0x2f38
20004a04:	4d38                	.insn	2, 0x4d38
20004a06:	7a68                	.insn	2, 0x7a68
20004a08:	002e                	.insn	2, 0x002e
20004a0a:	0000                	.insn	2, 0x0000
20004a0c:	45495453          	.insn	4, 0x45495453
20004a10:	6920                	.insn	2, 0x6920
20004a12:	6f6e2073          	csrs	0x6f6,t3
20004a16:	2074                	.insn	2, 0x2074
20004a18:	2c746573          	csrrsi	a0,0x2c7,8
20004a1c:	7320                	.insn	2, 0x7320
20004a1e:	6e69206f          	j	20097104 <__stack_top+0x915e8>
20004a22:	6574                	.insn	2, 0x6574
20004a24:	7272                	.insn	2, 0x7272
20004a26:	7075                	.insn	2, 0x7075
20004a28:	7374                	.insn	2, 0x7374
20004a2a:	7720                	.insn	2, 0x7720
20004a2c:	6c69                	.insn	2, 0x6c69
20004a2e:	206c                	.insn	2, 0x206c
20004a30:	6f6e                	.insn	2, 0x6f6e
20004a32:	2074                	.insn	2, 0x2074
20004a34:	6562                	.insn	2, 0x6562
20004a36:	6720                	.insn	2, 0x6720
20004a38:	6e65                	.insn	2, 0x6e65
20004a3a:	7265                	.insn	2, 0x7265
20004a3c:	7461                	.insn	2, 0x7461
20004a3e:	6465                	.insn	2, 0x6465
20004a40:	002e                	.insn	2, 0x002e
20004a42:	0000                	.insn	2, 0x0000
20004a44:	20455453          	.insn	4, 0x20455453
20004a48:	7369                	.insn	2, 0x7369
20004a4a:	7320                	.insn	2, 0x7320
20004a4c:	7465                	.insn	2, 0x7465
20004a4e:	202c                	.insn	2, 0x202c
20004a50:	74206f73          	csrrsi	t5,mncause,0
20004a54:	6568                	.insn	2, 0x6568
20004a56:	7420                	.insn	2, 0x7420
20004a58:	6d69                	.insn	2, 0x6d69
20004a5a:	7265                	.insn	2, 0x7265
20004a5c:	6920                	.insn	2, 0x6920
20004a5e:	6c612073          	csrs	0x6c6,sp
20004a62:	6572                	.insn	2, 0x6572
20004a64:	6461                	.insn	2, 0x6461
20004a66:	2079                	.insn	2, 0x2079
20004a68:	7572                	.insn	2, 0x7572
20004a6a:	6e6e                	.insn	2, 0x6e6e
20004a6c:	6e69                	.insn	2, 0x6e69
20004a6e:	002e2167          	.insn	4, 0x002e2167
20004a72:	0000                	.insn	2, 0x0000
20004a74:	5f4b5453          	.insn	4, 0x5f4b5453
20004a78:	69205253          	.insn	4, 0x69205253
20004a7c:	6f6e2073          	csrs	0x6f6,t3
20004a80:	2074                	.insn	2, 0x2074
20004a82:	2c30                	.insn	2, 0x2c30
20004a84:	7320                	.insn	2, 0x7320
20004a86:	6f79206f          	j	2009797c <__stack_top+0x91e60>
20004a8a:	2075                	.insn	2, 0x2075
20004a8c:	276e6f77          	.insn	4, 0x276e6f77
20004a90:	2074                	.insn	2, 0x2074
20004a92:	20746567          	.insn	4, 0x20746567
20004a96:	6e61                	.insn	2, 0x6e61
20004a98:	6920                	.insn	2, 0x6920
20004a9a:	746e                	.insn	2, 0x746e
20004a9c:	7265                	.insn	2, 0x7265
20004a9e:	7572                	.insn	2, 0x7572
20004aa0:	7470                	.insn	2, 0x7470
20004aa2:	002e                	.insn	2, 0x002e
20004aa4:	5f4b5453          	.insn	4, 0x5f4b5453
20004aa8:	48504d43          	fmadd.s	fs10,ft0,ft5,fs1,rmm
20004aac:	7320                	.insn	2, 0x7320
20004aae:	6f68                	.insn	2, 0x6f68
20004ab0:	6c75                	.insn	2, 0x6c75
20004ab2:	2064                	.insn	2, 0x2064
20004ab4:	6562                	.insn	2, 0x6562
20004ab6:	6920                	.insn	2, 0x6920
20004ab8:	696e                	.insn	2, 0x696e
20004aba:	6974                	.insn	2, 0x6974
20004abc:	6c61                	.insn	2, 0x6c61
20004abe:	7a69                	.insn	2, 0x7a69
20004ac0:	6465                	.insn	2, 0x6465
20004ac2:	7420                	.insn	2, 0x7420
20004ac4:	2e30206f          	j	200075a6 <__stack_top+0x1a8a>
20004ac8:	0000                	.insn	2, 0x0000
20004aca:	0000                	.insn	2, 0x0000
20004acc:	500a                	.insn	2, 0x500a
20004ace:	6f72                	.insn	2, 0x6f72
20004ad0:	6d617267          	.insn	4, 0x6d617267
20004ad4:	6520                	.insn	2, 0x6520
20004ad6:	6978                	.insn	2, 0x6978
20004ad8:	6574                	.insn	2, 0x6574
20004ada:	2064                	.insn	2, 0x2064
20004adc:	68746977          	.insn	4, 0x68746977
20004ae0:	6320                	.insn	2, 0x6320
20004ae2:	2065646f          	jal	s0,2005ace8 <__stack_top+0x551cc>
20004ae6:	6425                	.insn	2, 0x6425
20004ae8:	000a                	.insn	2, 0x000a
	...

20004aec <__clz_tab>:
20004aec:	0100 0202 0303 0303 0404 0404 0404 0404     ................
20004afc:	0505 0505 0505 0505 0505 0505 0505 0505     ................
20004b0c:	0606 0606 0606 0606 0606 0606 0606 0606     ................
20004b1c:	0606 0606 0606 0606 0606 0606 0606 0606     ................
20004b2c:	0707 0707 0707 0707 0707 0707 0707 0707     ................
20004b3c:	0707 0707 0707 0707 0707 0707 0707 0707     ................
20004b4c:	0707 0707 0707 0707 0707 0707 0707 0707     ................
20004b5c:	0707 0707 0707 0707 0707 0707 0707 0707     ................
20004b6c:	0808 0808 0808 0808 0808 0808 0808 0808     ................
20004b7c:	0808 0808 0808 0808 0808 0808 0808 0808     ................
20004b8c:	0808 0808 0808 0808 0808 0808 0808 0808     ................
20004b9c:	0808 0808 0808 0808 0808 0808 0808 0808     ................
20004bac:	0808 0808 0808 0808 0808 0808 0808 0808     ................
20004bbc:	0808 0808 0808 0808 0808 0808 0808 0808     ................
20004bcc:	0808 0808 0808 0808 0808 0808 0808 0808     ................
20004bdc:	0808 0808 0808 0808 0808 0808 0808 0808     ................
20004bec:	4552 4e45 2054 616d 6c6c 636f 7320 6375     REENT malloc suc
20004bfc:	6563 6465 6465 0000 3a44 672f 766d 732f     ceeded..D:/gmv/s
20004c0c:	2f64 6367 2f63 6972 6373 2d76 6e67 2d75     d/gcc/riscv-gnu-
20004c1c:	6f74 6c6f 6863 6961 2f6e 656e 6c77 6269     toolchain/newlib
20004c2c:	6e2f 7765 696c 2f62 696c 6362 732f 6474     /newlib/libc/std
20004c3c:	696c 2f62 6172 646e 632e 0000 202c 7566     lib/rand.c.., fu
20004c4c:	636e 6974 6e6f 203a 0000 0000 7361 6573     nction: ....asse
20004c5c:	7472 6f69 206e 2522 2273 6620 6961 656c     rtion "%s" faile
20004c6c:	3a64 6620 6c69 2065 2522 2273 202c 696c     d: file "%s", li
20004c7c:	656e 2520 2564 2573 0a73 0000 2d23 2b30     ne %d%s%s...#-0+
20004c8c:	0020 0000 6c68 004c 6665 4567 4746 0000      ...hlL.efgEFG..
20004c9c:	3130 3332 3534 3736 3938 4241 4443 4645     0123456789ABCDEF
20004cac:	0000 0000 3130 3332 3534 3736 3938 6261     ....0123456789ab
20004cbc:	6463 6665 0000 0000 2f60 2000 2f80 2000     cdef....`/. ./. 
20004ccc:	2f30 2000 2f30 2000 2f30 2000 2f30 2000     0/. 0/. 0/. 0/. 
20004cdc:	2f80 2000 2f30 2000 2f30 2000 2f30 2000     ./. 0/. 0/. 0/. 
20004cec:	2f30 2000 316c 2000 2fd8 2000 30e4 2000     0/. l1. ./. .0. 
20004cfc:	2f30 2000 2f30 2000 31b4 2000 2f30 2000     0/. 0/. .1. 0/. 
20004d0c:	2fd8 2000 2f30 2000 2f30 2000 30f0 2000     ./. 0/. 0/. .0. 
